일시,평균기온,최저기온,최고기온,일강수량(mm),최대 풍속(m/s),평균 풍속(m/s),최소 상대습도(%),평균 상대습도(%),평균 현지기압(hPa),평균 해면기압(hPa),합계 일조시간(hr),합계 일사량(MJ/m2),평균 전운량(1/10),평균 지면온도,1일전 모기 개체수,2일전 모기 개체수,3일전 모기 개체수,모기 개체수
2015-04-09,9.6,3.8,16.3,0,5.6,2.3,27,43,1014.2,1024.7,10.8,18.2,2.8,11.8,90,146,199,172
2015-04-10,11.6,4.6,19.2,0,6.2,2.8,19,40.5,1012.3,1022.7,11.6,20.67,0.1,13.3,172,90,146,249
2015-04-11,13.5,6.7,20.7,0,5.7,2.5,17,39.3,1014.7,1025,11.6,19.87,0.4,15,249,172,90,410
2015-04-12,14.9,9.1,20.4,0,6.8,2.9,17,30.6,1013.9,1024.1,3.8,12.6,7.9,13.6,410,249,172,459
2015-04-13,12,7.4,17.6,6.5,8.7,5.9,32,53.9,1007.8,1018.1,5.6,14.89,9,14.7,459,410,249,468
2015-04-14,6.9,5.8,8,10.5,4.8,2.7,83,89.9,998.5,1008.9,0,5.33,10,9.8,468,459,410,132
2015-04-15,11.1,5.6,17,1,5.7,2.9,45,72,998.1,1008.4,8.5,16.51,4.4,13.6,132,468,459,31
2015-04-16,9.9,6.9,14.8,7,8.3,3.6,55,69.5,997.9,1008.2,1.1,3.64,4.6,8.7,31,132,468,573
2015-04-17,10.5,4.8,16.1,0,8.7,3.7,21,45.4,1006.2,1016.5,12.1,22.45,0.3,12.6,573,31,132,83
2015-04-18,15.2,5.2,23.7,0,4.2,1.9,11,31.9,1005,1015.2,9.8,19.74,5,15.7,83,573,31,416
2015-04-19,14.5,11.2,17.3,12,6.3,3.7,24,74.8,997,1007.1,0,5.15,9.9,15.1,416,83,573,982
2015-04-20,12.2,10.3,16.8,5.5,5.7,3.2,46,75.3,997.5,1007.7,3.2,8.68,6,14.3,982,416,83,282
2015-04-21,14,7.7,20.9,0,6,2.9,14,46,1005.2,1015.4,12.5,22.93,1.8,15.8,282,982,416,408
2015-04-22,14.2,9.3,20.7,0,6.4,3,25,47,1008,1018.2,11.2,19.32,2.8,15,408,282,982,933
2015-04-23,14.5,8,20.1,0,7,3.5,16,41.1,1010.3,1020.6,10.8,21.03,3.5,15.7,933,408,282,656
2015-04-24,15.7,10.4,22.8,0,6.8,3.2,15,38.3,1009.2,1019.4,12.2,22.53,0.9,18.5,656,933,408,764
2015-04-25,15.9,9.2,23,0,6.2,2.7,13,31.3,1009.6,1019.8,12.6,22.89,0,19,764,656,933,757
2015-04-26,17.3,9.9,24.4,0,6.8,3.3,17,37.6,1008.2,1018.4,11.7,20.92,0,19.7,757,764,656,862
2015-04-27,18.5,12.7,24.9,0,6.8,2.8,19,39.3,1006.1,1016.2,12.3,22.03,1,21.6,862,757,764,"1,033"
2015-05-03,18.3,17.1,19.6,3.5,4.2,2.1,82,90.4,997.2,1007.2,0.3,5.26,8.9,19.7,2729,2783,1532,"2,998"
2015-05-04,16.1,12.5,20.1,0,7.9,4.2,13,45.9,998.9,1008.9,12.4,24.18,1.6,21.2,2998,2729,2783,"3,392"
2015-05-05,14.2,8.3,19.9,0,6.4,3.4,16,37.9,1001.3,1011.5,12.9,25.05,0.1,20.6,3392,2998,2729,"3,137"
2015-05-06,15.4,9.8,22,0,5.2,2.4,16,36.3,1001.6,1011.7,6.6,16.16,6.8,18.5,3137,3392,2998,"2,849"
2015-05-07,16.5,10.6,24,0,8,2.6,15,35.6,1002.3,1012.3,9.2,18.9,6,22.4,2849,3137,3392,"2,819"
2015-05-08,16.7,11.7,22.7,0,5.7,2.5,43,64.3,1002.8,1012.9,3.9,14.53,8.6,21.8,2819,2849,3137,"2,926"
2015-05-15,19.1,16.3,23.7,0,4.6,2.7,46,71,998.7,1008.6,3.6,10.61,6.3,19.8,5430,2323,1713,"8,425"
2015-05-16,18,11.6,25.2,0,6.5,3,16,41.3,1000.1,1010.1,13.3,25.62,0.4,23,8425,5430,2323,"3,935"
2015-05-17,18.6,11.7,25.2,0,5.1,2.2,12,40.4,1000.5,1010.5,13,21.24,4.8,22.6,3935,8425,5430,"6,276"
2015-05-18,17.7,13.7,22.2,0,7.6,3.2,30,53.9,994.9,1004.9,2.8,13.57,8.4,20.1,6276,3935,8425,"7,851"
2015-05-19,14.8,13,16.2,1,5.9,3.6,82,88.9,996,1006.1,0.2,3.31,9.4,16.7,7851,6276,3935,"10,366"
2015-05-20,16.3,10.6,21.9,0,5.6,3.1,32,60,998.5,1008.6,12.9,24.87,2,22.1,10366,7851,6276,"2,926"
2015-05-21,18.7,12.6,26,0,7.2,3.7,23,50.1,1003.2,1013.2,12.4,24.6,2.5,25,2926,10366,7851,"16,089"
2015-05-22,20,13.7,27.2,0,6.7,2.9,23,45.3,1003.6,1013.5,12.9,24.5,2.9,26.6,16089,2926,10366,"3,450"
2015-05-23,20.6,13.6,28.3,0,6.1,2.5,16,38.5,1001,1010.9,12.3,23.67,1.9,26.2,3450,16089,2926,"3,479"
2015-05-24,21,14,28.5,0,5.4,2.4,16,37.3,998.5,1008.3,13.5,25.64,0,28.9,3479,3450,16089,"10,082"
2015-05-25,20.8,14.4,28.7,0,5.6,2.7,26,53.1,998.9,1008.8,13.4,24.39,0,29.1,10082,3479,3450,"10,540"
2015-05-26,21.5,14.1,30.3,0,6.3,2.7,17,48.9,1001.4,1011.3,13.4,25.46,0.1,29.8,10540,10082,3479,"5,488"
2015-05-27,23.2,14.4,31.5,0,4.7,2,13,32.9,1000,1009.8,13.5,25.76,2,31,5488,10540,10082,"4,262"
2015-05-28,24.3,16.7,32.2,0,6.6,2.2,15,27.1,998.7,1008.4,12.3,23.3,2.8,30.6,4262,5488,10540,"4,636"
2015-05-29,23.8,18.5,29.8,0,5.5,2.5,22,36.8,997.2,1007,8.1,18.44,7.3,30.4,4636,4262,5488,"16,214"
2015-05-30,19.8,17,23.2,0.4,4.8,2.9,50,71,995.3,1005.2,4,9.2,6.1,21.3,16214,4636,4262,"5,448"
2015-05-31,22.1,15.3,30.4,0,5.5,2.2,18,52.8,998,1007.9,12.5,23.66,3,29.7,5448,16214,4636,"5,350"
2015-09-01,25.9,22.6,30.7,0,5.3,3.4,41,59.4,1000.4,1010.1,8.3,16.85,7.4,28.3,7674,7532,6635,"5,831"
2015-09-02,23.9,22,27.7,0.5,6.7,2.1,58,72.8,1001.7,1011.5,3.3,8.66,8.5,26.1,5831,7674,7532,"4,541"
2015-09-03,23.9,19.8,28.2,18,5.3,2.3,48,75.1,1001,1010.8,10.2,16.1,4.1,25.7,4541,5831,7674,"4,794"
2015-09-04,24.8,20.6,30.7,0,5,2.2,36,68.5,1001.9,1011.7,8.4,15.13,5,25,4794,4541,5831,"5,408"
2015-09-05,21.9,19.4,23.6,5,5.9,2.1,72,79.8,999.1,1009,0,5.13,9.4,23.5,5408,4794,4541,"7,523"
2015-09-06,22.2,19.3,26.2,0,6.3,3.7,47,60.4,997.9,1007.8,6.5,14.4,4.8,22.8,7523,5408,4794,"4,481"
2015-09-07,22.6,16.8,28.7,0,4.5,2.4,34,52.9,1002.8,1012.7,12.2,20.4,0.5,23.5,4481,7523,5408,"4,242"
2015-09-08,22.7,16.2,28.9,0,5,3.2,22,43.6,1006.1,1016,12.3,21.41,0,25.2,4242,4481,7523,"4,475"
2015-09-09,22.4,15.3,30.1,0,5.9,2.9,28,42.9,1006.5,1016.4,12,20.51,0.4,25.8,4475,4242,4481,"3,880"
2015-09-10,22.4,17,28.4,0,5.3,2.4,41,62.3,1004,1013.9,11.9,19.7,0.9,26.8,3880,4475,4242,"3,629"
2015-09-11,21,16.8,24.4,2.5,4.4,2.1,56,76.4,1000.2,1010.1,1.8,7.39,9.3,23.4,3629,3880,4475,"3,675"
2015-09-12,19.2,15.5,24,0,4.8,1.9,29,60.4,999.8,1009.8,5.8,11.82,7.9,22.4,3675,3629,3880,"4,924"
2015-09-13,20.2,15.2,26,0,4.9,2.6,27,54.1,1006.7,1016.7,11.9,20.08,0.5,23.9,4924,3675,3629,"4,670"
2015-09-19,22.3,17,29,0,5.4,2.4,30,58.3,1003.6,1013.5,11.5,17.45,2.6,26.4,3089,2987,3822,"3,493"
2015-09-20,22.1,17.9,28.3,0,4.6,2,39,69,1002.3,1012.2,7.7,13.58,4.5,24.7,3493,3089,2987,"3,452"
2015-09-21,22.6,16.5,29.4,0,4,1.5,28,62.1,1004.3,1014.2,10,14.14,0.4,25.8,3452,3493,3089,"3,704"
2015-09-22,23.9,18,31,0,3.6,1.8,25,48.4,1005.3,1015.2,11.2,17.12,0.5,26.7,3704,3452,3493,"3,825"
2015-09-23,22,19,26.1,0,3.2,1.7,42,57.9,1000.9,1010.7,2.1,7.24,6.6,22.7,3825,3704,3452,"4,074"
2015-09-24,23.4,17.5,30.6,0,4.3,1.9,28,56.4,997.6,1007.4,10.3,16.16,3,26.5,4074,3825,3704,"3,084"
2015-09-25,23.4,19,29.8,0,4.9,2.5,34,56.5,997.6,1007.4,9.5,14.77,2.9,26.9,3084,4074,3825,"3,192"
2015-09-26,22.4,17.9,28,0,4.3,1.8,28,54.5,1001.2,1011.1,11,14.47,1.9,25.4,3192,3084,4074,"3,533"
2015-09-27,21.9,14.2,29.8,0,4.2,1.9,15,39.4,1004.9,1014.8,11.2,17.46,0,24.6,3533,3192,3084,"3,155"
2015-09-28,21.4,15.5,28.3,0,4.8,1.6,20,39.6,1009.4,1019.4,5.6,11.23,5.8,22.2,3155,3533,3192,"3,593"
2015-09-29,22.1,15.9,28.2,0,4.8,2.3,21,36.6,1013.5,1023.4,9.4,17.07,3.4,25.2,3593,3155,3533,"3,842"
2015-09-30,21.3,19.4,26.2,0,4.6,2.6,30,45.3,1010.9,1020.9,3.7,9.74,8.9,24.9,3842,3593,3155,"4,161"
2015-10-01,16.3,10.7,19.7,35,8.2,3.6,48,77.5,993,1003,0,1.74,8.3,17.8,4161,3842,3593,"3,169"
2015-10-02,16.5,8.6,21.5,0,8.6,3.7,31,53.5,1003.5,1013.6,10.5,14.08,2.8,16.4,3169,4161,3842,980
2015-10-03,19.2,13.3,24.5,0,6.5,3.8,23,49.4,1008.2,1018.3,10.2,15.91,4.5,19.7,980,3169,4161,"5,026"
2015-10-04,16.6,11.2,22.4,0,4.1,1.8,23,38.9,1015.9,1026.1,8.9,12.36,6.3,17.1,5026,980,3169,"2,571"
2015-10-05,18,11,25.6,0,4.9,1.9,22,49.4,1013.3,1023.5,11,16.27,0.1,17.9,2571,5026,980,"2,453"
2015-10-06,18.7,12.1,26.3,0,5,1.9,24,57.5,1010.8,1020.9,10.5,15.06,0,18.5,2453,2571,5026,"1,902"
2015-10-07,19.6,14.1,25.7,0,3.5,1.4,42,67.5,1007.4,1017.4,6.9,11.87,4.8,19.1,1902,2453,2571,"2,386"
2015-10-08,20.1,15.7,26.4,0,5.2,2.3,24,61.1,1001.8,1011.8,9.8,14.45,3.9,21.2,2386,1902,2453,"1,959"
2015-10-09,16.2,12.8,20.5,0,6,3.7,17,43.8,1000.7,1010.8,10.8,16.51,0.8,19.1,1959,2386,1902,"1,935"
2015-10-10,12.8,10.4,17.2,3.5,5.3,2.2,46,70.9,999.7,1009.9,2.2,4.71,8.6,15.6,1935,1959,2386,"1,466"
2015-10-11,10.8,8.1,14.4,3.5,6.1,2.4,50,72.6,1002.1,1012.5,1.5,5.97,6.8,12.6,1466,1935,1959,560
2015-10-12,12.3,8.2,17.9,0,7.1,2.7,35,56.5,1007.1,1017.4,10.6,15.18,2.3,14,560,1466,1935,394
2015-10-13,15,7.8,21.3,0,6.7,2.5,30,66.4,1009.7,1019.9,10.1,13.78,0.8,14.7,394,560,1466,898
2015-10-14,17.1,10.9,24.5,0,3.7,1.6,26,64.6,1010.3,1020.4,9.2,14.07,0.1,17,898,394,560,"1,524"
2015-10-15,17.9,12.1,26.1,0,4.2,1.8,26,62.1,1009.5,1019.6,9.8,13.21,3.1,17.3,1524,898,394,"1,599"
2015-10-16,17.5,13.2,24.2,0,4,1.8,39,71,1009.5,1019.7,7.6,9.97,2.4,18.1,1599,1524,898,"1,745"
2015-10-17,18.7,12.4,26.6,0,4.3,1.7,24,64.8,1010.4,1020.5,10.2,13.82,0,18.1,1745,1599,1524,"1,821"
2015-10-18,17.9,12.4,24.2,0,3.8,1.3,32,65.1,1010,1020.1,9,11.68,0.1,17.6,1821,1745,1599,"2,028"
2015-10-19,18.1,13.6,23.9,0,4,2,34,67.4,1007.2,1017.2,7.6,10.67,0.5,18.1,2028,1821,1745,"2,131"
2015-10-20,18.8,15.4,25.1,0,4.1,1.6,41,69.5,1007,1017,6.9,10.77,2.9,19.3,2131,2028,1821,"2,489"
2015-10-21,17.9,13.9,22.7,0,3.8,1.6,49,72.5,1009,1019.1,6.7,9.93,0,18.6,2489,2131,2028,"2,338"
2015-10-22,17.5,14.5,23.1,0,4.3,2.2,47,64.8,1010.3,1020.4,4.6,9.2,2.1,18.2,2338,2489,2131,"2,604"
2015-10-23,17.5,15.2,21.4,0,4.9,2.4,47,69.1,1008.7,1018.9,4.1,7.24,6.1,18.6,2604,2338,2489,"2,422"
2015-10-24,16.9,13.2,22,10.5,4.9,2.5,32,64.4,1008.3,1018.5,6.9,10.46,4.4,17.8,2422,2604,2338,"4,177"
2015-10-25,16.3,12.1,22.8,0,4.2,2.1,32,51,1013.4,1023.6,8.6,12.95,0.9,15.9,4177,2422,2604,"2,153"
2015-10-26,15,12,18.7,2,4.6,2.4,47,66.8,1008.6,1018.8,2.4,7.11,8.5,15.2,2153,4177,2422,"1,785"
2015-10-27,12.1,7.7,15.9,26.5,6.7,3.2,38,69.3,1001.4,1011.7,7,9.17,4.6,14.4,1785,2153,4177,"1,212"
2015-10-28,9.9,5.6,15.8,0,5.9,2.5,31,49,1009.3,1019.7,9.7,13.01,0.3,11.4,1212,1785,2153,252
2015-10-29,8.4,3.2,14.7,0.5,7.1,2.4,24,50.4,1012.2,1022.7,7,10.86,2,9.8,252,1212,1785,326
2015-10-30,5.4,1.7,10.4,0,6.8,2.6,26,41.8,1017.1,1027.8,9.7,13.64,0.1,8.2,326,252,1212,151
2015-10-31,5.7,1.1,12.3,0,5.2,2.1,23,42.5,1019.2,1029.9,9.7,13.52,0,7.5,151,326,252,27
2016-04-22,13.5,10.1,18.6,0,5.8,2.6,64,83.4,999,1009.2,2,7.77,7.6,15.5,1047,921,185,"1,292"
2016-04-23,13.5,7.8,19.8,0,5.1,2.1,14,52.1,1003.4,1013.6,7.9,16.76,6.3,18,1292,1047,258,740
2016-04-24,15.5,8.1,23.7,0,5.6,1.9,13,39.6,1005,1015.1,11.4,22.59,2.3,21,740,1292,921,"1,161"
2016-04-25,17.2,10.2,25.3,0,4.6,1.7,14,34.8,1007.4,1017.5,11.9,21.21,0.8,21.3,1161,740,1047,"1,324"
2016-04-26,21.1,12.1,29.6,0,4.7,2,18,34.8,1004.1,1014,9.9,19.74,5.9,21.8,1324,1161,1292,"1,633"
2016-04-27,17.2,14.5,20.7,0,5.4,3.6,23,32,999.3,1009.3,0,8.39,9.6,17.8,1633,1324,740,"1,843"
2016-04-28,17.2,12.4,23,0,4.4,2,22,34.4,997.3,1007.3,9.4,18.95,6.4,22.3,1843,1633,1161,"1,529"
2016-05-07,16.5,10.7,22.6,0,5.7,2.6,29,60.3,1004,1014.1,12.4,23.93,2,19.3,2687,1965,2123,"1,228"
2016-05-08,19.4,11.6,26.8,0,5.4,2.1,23,44.8,1005.8,1015.8,11.5,23.51,5.4,20.8,1228,2687,200,"2,381"
2016-05-09,20.2,16.3,25.4,0,5.2,2,22,43,1000.6,1010.5,5.4,17.4,8.3,23.1,2381,1228,1965,"2,709"
2016-05-10,14.5,12.5,18.1,13.5,5,2.3,54,82.4,997,1007.1,0.1,4.6,9.1,16.9,2709,2381,2687,"2,182"
2016-05-11,16.4,10.4,23.5,0,5.3,2,35,60.9,999.4,1009.5,12.9,24.41,2,21.2,2182,2709,1228,"1,883"
2016-05-12,17.8,12.1,24,0,5.6,2.7,36,62.4,1002.9,1012.9,12.5,23.94,3.3,22.2,1883,2182,2381,"2,376"
2016-05-13,18.6,12.7,25.4,0.5,4.8,2.1,29,57,1009.4,1019.5,11.6,24.86,3.6,24,2376,1883,2709,"1,942"
2016-05-14,20.2,15.1,26.9,0,5.6,2.3,21,47.1,1010.9,1020.9,11.1,23.78,5.5,24.7,1942,2376,2182,"2,838"
2016-05-15,17.4,12.3,24.2,45,6.2,2.7,38,73.9,999.4,1009.4,4.5,12.53,9,20.1,2838,1942,1883,"3,341"
2016-05-16,15.9,10.8,21.9,2.5,6.1,3.2,24,57,999.7,1009.8,12.3,24.54,3,20.6,3341,2838,2376,"3,673"
2016-05-17,19.3,10.9,26.6,0,3.9,1.9,21,48.8,1005.7,1015.7,13.1,24.69,0,23.6,3673,3341,1942,"3,103"
2016-05-18,22.3,13.5,29.5,0,4.6,1.9,16,40.3,1008,1018,13.2,25.77,0.5,26.9,3103,3673,2838,"7,318"
2016-05-19,24.3,16.3,31.9,0,4.5,1.6,14,36.4,1007.2,1017,13.4,24.95,0,29.6,7318,3103,3341,"3,896"
2016-05-20,24,16.8,31.6,0,4.3,1.8,10,32,1007.2,1017,12.8,23.48,0.6,28.4,3896,7318,3673,"4,433"
2016-05-21,24.1,17.8,30.4,0,3.5,2,12,23.8,1007.9,1017.7,12.4,24.05,2.6,29.3,4433,3896,3103,"5,112"
2016-05-22,24.7,17.6,31.7,0,3.6,1.9,17,35,1006,1015.8,11.8,24.63,2.8,30.8,5112,4433,7318,"9,818"
2016-05-23,23.3,18.3,29.4,0,4.8,2.1,25,43,1002.2,1012,7.7,17.7,7.5,28.1,9818,5112,3896,"6,076"
2016-05-24,16.8,15.4,21.8,38.5,6,2.6,46,82.6,996.9,1006.9,2.3,7.08,7,18.5,6076,9818,4433,"5,532"
2016-05-25,19.7,15.3,24.4,0,4.7,2.7,46,67.9,999.8,1009.7,5.1,15.6,6.9,21.1,5532,6076,5112,"6,788"
2016-05-26,19.4,17.5,22.9,0,4.3,1.8,52,72,1000.5,1010.4,1.5,8.3,8.1,19.4,6788,5532,9818,"5,275"
2016-05-27,20.9,14.8,27.1,0,3.8,1.7,28,61.3,1001.3,1011.3,8.3,20.68,7.1,23.2,5275,6788,6076,"5,975"
2016-05-28,21.7,17.2,28,0,4.5,2.1,36,56.1,997.9,1007.8,13.1,23.9,2.9,28.3,5975,5275,5532,"6,949"
2016-05-29,21.5,17.2,27.6,0,5.2,2.3,34,56.1,994.8,1004.6,8.7,20.67,4.1,27.6,6949,5975,6788,"6,220"
2016-05-30,22.1,16.9,28.9,0,6,2.4,26,57.3,996.9,1006.7,12.8,24.57,0,30.1,6220,6949,5275,"5,910"
2016-05-31,21.6,17.4,27.6,0,5.3,2.5,39,63.6,997.4,1007.3,11.6,21.99,2.9,27.9,5910,6220,5975,"5,403"
2016-09-01,23.2,15.8,28.6,0,8.1,3.1,43,71.3,990.5,1000.2,8.8,13.76,2.9,21.8,1848,2847,5762,"1,973"
2016-09-02,24.2,20.6,29,4.5,4.7,2.7,48,68.5,996.8,1006.5,9.1,16.79,6.5,25.5,1973,1848,1918,"3,339"
2016-09-03,23.9,20.4,28.6,0.5,3.8,1.8,51,73.8,998.8,1008.6,3.1,8.93,6.1,25,3339,1973,2847,"3,718"
2016-09-04,25.6,22.1,29.6,0,2.6,1.5,52,71.3,1001,1010.7,2.7,10.25,7.3,26,3718,3339,1848,"4,083"
2016-09-05,26.4,23,31.1,0,4.4,1.7,44,66.1,999.7,1009.4,8.4,14.15,5.4,28.6,4083,3718,1973,"4,148"
2016-09-06,24.7,21,29,0,4.4,1.8,43,69,999,1008.7,8.3,13.98,4.4,26.5,4148,4083,3339,"4,383"
2016-09-07,24.3,20.9,28.6,0,3.8,1.8,47,69.8,996.3,1006,2.5,9.88,6.9,27,4383,4148,3718,"3,511"
2016-09-08,23,21.5,26.5,4.5,4.5,1.3,58,76.4,996.9,1006.6,3.8,8.27,8.1,23.3,3511,4383,4083,"5,339"
2016-09-09,23.9,19.7,29.3,0,4.6,1.8,41,71.1,999.8,1009.5,9.3,15.29,4.4,25.5,5339,3511,4148,"6,994"
2016-09-10,24.4,20,29.1,0,3.3,1.6,44,65.4,1002.2,1012,7.1,12.96,6.3,26.4,6994,5339,4383,"4,622"
2016-09-11,24.5,22.1,28.2,0,3.1,1.7,48,66.3,1004.6,1014.4,3.8,9.83,7.1,25.6,4622,6994,3511,"8,553"
2016-09-12,23.4,21.4,27.5,2.5,4.8,1.9,49,68.9,1006.4,1016.3,6.2,9.18,4.5,23.6,8553,4622,5339,"6,065"
2016-09-13,24.6,19.6,30.8,0,4,1.8,39,62.5,1007.8,1017.7,8,15.74,3.8,25.6,6065,8553,6994,"7,599"
2016-09-14,24.6,21.4,28.9,0,4.2,1.8,46,66.1,1007.4,1017.2,7.2,11.88,5,27.8,7599,6065,4622,"6,871"
2016-09-15,23.9,18.8,29.5,0,3.5,1.3,37,68.1,1006.4,1016.3,5.8,13.62,7.6,26.5,6871,7599,8553,"5,432"
2016-09-16,24.6,20.4,29.5,0,3.4,1.5,40,64.9,1004.6,1014.4,3.8,11.91,9.3,26.4,5432,6871,6065,"5,545"
2016-09-24,22.3,16.5,28.9,0,3.7,1.6,35,60.6,1006.2,1016.1,9.3,14.56,3.3,25.5,9935,10302,6457,"11,616"
2016-09-25,23,18.6,29.7,0,3.6,1.2,27,57.6,1006.7,1016.6,5.2,12.66,6.8,26.6,11616,9935,5300,"11,464"
2016-09-26,23.6,19.7,28.9,0,4.6,1.8,40,59.1,1006.1,1015.9,6.5,11.48,5.4,26.2,11464,11616,10302,"12,566"
2016-09-27,21,19.1,23.8,13.5,3.7,1.3,64,82.5,1006.3,1016.2,0,2.77,9.6,21.5,12566,11464,9935,"12,727"
2016-09-28,19.9,18.7,21.8,0.5,3.8,1.3,74,84.6,1005.2,1015.2,0,3.59,10,20.7,12727,12566,11616,"3,531"
2016-09-29,20.4,18.2,24.8,0,4.8,3,48,64.4,1006.2,1016.2,5.3,12.55,8.4,21.3,3531,12727,11464,"3,384"
2016-09-30,20.5,17.7,23.5,0,3.7,1.6,54,66.9,1005.3,1015.3,0.4,7.66,8.8,20.9,3384,3531,12566,"4,333"
2016-10-01,21.1,17.5,25.6,0,2.4,1.2,47,69,1007.7,1017.6,4.3,10.06,7.8,21.8,4333,3384,12727,"4,316"
2016-10-02,19,16.7,22.4,18.5,5.9,2.7,73,84.1,1003.7,1013.7,0,2.6,9.8,18.6,4316,4333,3531,"4,033"
2016-10-03,22.7,19.6,27.9,6.5,6.1,2.7,41,73.3,999.9,1009.7,8.5,14.52,4,23.6,4033,4316,3384,"19,458"
2016-10-04,22,15.6,29,0,4.5,2.4,33,58.9,1004.9,1014.8,10.9,16.86,0.9,22.4,19458,4033,4333,"16,871"
2016-10-05,21.1,17.5,27.2,0,4.7,3,42,61.9,1001,1010.9,6.1,11.59,3.4,22.1,16871,19458,4316,"4,161"
2016-10-06,18,13.6,23.5,0,5.6,2.6,40,59.3,1010.9,1021,10.7,15.52,2.8,21,4161,16871,4033,"3,996"
2016-10-07,19.7,16.5,24.8,2,4.4,2.6,47,67.8,1009.4,1019.4,4.7,9.25,8.8,21.9,3996,4161,19458,"3,289"
2016-10-08,16.8,10.3,21.8,6,6.2,2.9,33,66.4,1002.5,1012.6,7.2,12.09,5.5,18,3289,3996,16871,"2,976"
2016-10-09,11.3,6.5,16.6,0,5.2,2.9,32,46.3,1009.8,1020.2,10.7,16.46,3.3,14.6,2976,3289,4161,"1,066"
2016-10-10,14,7.4,21.4,0,3.8,1.6,22,43.3,1010.7,1021,10.3,15.29,4.4,16.3,1066,2976,3996,"1,076"
2016-10-11,15.4,10,21.1,0,3.9,1.8,35,62.4,1010.1,1020.3,8,11.48,6,16.5,1076,1066,3289,"1,582"
2016-10-12,15.5,11.4,20.7,0,4.1,2,27,57,1012,1022.3,10.5,13.98,3.3,18,1582,1076,2976,"2,632"
2016-10-13,15.2,9.3,21.9,0,3.5,1.4,24,44.1,1013,1023.2,9.3,13.22,3.8,17.2,2632,1582,1066,"1,967"
2016-10-14,16.7,10.5,23.5,0,2.7,1.3,39,61.8,1015,1025.3,8.5,11.82,0,17.2,1967,2632,1076,"1,628"
2016-10-15,19.1,12.4,27.1,0,2.6,1.3,28,60.6,1014.9,1025,8.3,12.6,4.1,19.6,1628,1967,1582,"1,922"
2016-10-16,17.2,15.4,19.5,1.5,2.9,1.5,55,74.1,1009.2,1019.3,0,3.06,9.4,16.5,1922,1628,2632,"2,728"
2016-10-17,17.5,14.5,21.7,0,4.3,1.4,53,76.1,1007.9,1018,7.2,9.51,6.1,18.2,2728,1922,1967,"1,999"
2016-10-18,17,11.2,24,0,2.9,1.4,41,70.9,1009.8,1019.9,8,12.24,3,17.7,1999,2728,1628,"2,381"
2016-10-19,18,14,24.3,0,3.4,1.5,35,67.6,1008,1018,8.7,11.84,1.3,18.9,2381,1999,1922,"2,586"
2016-10-20,18.6,12.9,25.8,0,5,1.8,36,61.3,1009,1019.1,9.3,12.55,1.6,19.4,2586,2381,2728,"2,257"
2016-10-21,17.9,15.7,22,0,4.7,3,45,58.6,1009.7,1019.8,3.2,8.17,9.4,19.3,2257,2586,1999,"4,279"
2016-10-22,18.3,14.5,22.8,0,4.2,1.8,45,59,1004.4,1014.4,5.4,8.59,6.8,20.1,4279,2257,2381,"3,909"
2016-10-23,13.3,10.6,17.8,2.5,6.3,4,53,66.3,1006.9,1017.1,0.1,2.33,9.4,13.8,3909,4279,2586,"3,590"
2016-10-24,15.1,9,20.6,0,3.7,2.4,37,54.8,1007.3,1017.4,9.4,13.55,5.6,16.4,3590,3909,2257,920
2016-10-25,14.1,12.5,17.5,37,4.8,2.2,57,84,1001.3,1011.5,3.2,4.25,7.6,14,920,3590,4279,"2,878"
2016-10-26,13.3,10.5,16.3,0,3.5,1.4,64,81,1010,1020.3,2.2,5.48,5.4,13,2878,920,3909,"1,164"
2016-10-27,14.6,8.6,20.9,0,4,1.9,44,65.4,1012.7,1023,5.9,9.88,6.5,13.5,1164,2878,3590,"1,120"
2016-10-28,14.6,10.2,18.4,0.3,5.6,2.5,40,61.8,1007.2,1017.4,4.3,7.11,8.8,14.4,1120,1164,920,"2,305"
2016-10-29,7.8,3.5,11.2,0,5.7,3,31,40.3,1015.6,1026.2,1.1,6.54,6.6,8.3,2305,1120,2878,947
2016-10-30,7.9,1.6,15.1,0,2.7,1.5,13,31.9,1019,1029.6,9.7,13.56,0.9,8.6,947,2305,1164,57
2016-10-31,5.7,0.7,8.2,0.5,4.9,2,42,59.9,1016.5,1027.2,0,2.14,7.4,6,57,947,1120,190
2017-04-20,12.9,9.9,18.2,0.1,4.8,2.3,27,45.4,1002.2,1012.4,2.6,10.27,7.4,13.4,212,477,1102,750
2017-04-21,13.1,7.6,19.3,0,4.8,2,31,56.5,1000.9,1011.1,8.5,18.12,3.1,15.9,750,212,477,585
2017-04-22,14.8,8.5,22.5,0,6.6,2.1,16,48.4,1002.8,1012.9,12.4,21.83,0.5,19.9,585,750,212,606
2017-04-23,14.9,8.9,21.7,0,6.3,2.4,17,40,1006.8,1017,12.6,23.55,0.1,19.3,606,585,750,889
2017-04-24,15.1,8.3,21.3,0,6.2,2.7,21,39.4,1008.5,1018.7,12.1,21.56,4.8,18.3,889,606,585,805
2017-04-26,15.1,10.5,20.2,0,6.4,3.3,14,36,1005.6,1015.8,12.6,25.55,2,21.8,1035,805,889,945
2017-04-27,13.6,7.9,19.8,0,6.7,3.3,18,41.8,1001.4,1011.6,12.8,24.94,0.4,20.2,945,1035,805,863
2017-04-28,14.4,8.9,21.5,0,6.5,3,28,57.3,995,1005.1,12.2,22.59,3.3,19.1,863,945,1035,747
2017-04-29,17.1,9.6,23.7,0,6.1,2.7,17,44.3,996.5,1006.5,12.5,24.45,0,22.1,747,863,945,766
2017-04-30,19.3,13.7,27.8,0,5,2.6,28,57.9,997.3,1007.2,11.4,21.96,0,24.2,766,747,863,"1,104"
2017-05-01,20.1,12.8,28.3,0,4.7,1.9,17,50.8,1005.9,1015.9,11.9,24.3,0,25.8,1104,766,747,"1,057"
2017-05-02,20.7,15.2,28,0,4.5,2.1,26,42,1011.1,1021.1,8.7,20.21,3.1,25.4,1057,1104,766,"1,347"
2017-05-03,21.5,14.5,30.2,0,7.4,2,16,34.1,1010.5,1020.5,12.6,24.05,0,27.2,1347,1057,1104,"1,249"
2017-05-04,21,14.8,27.5,0,5.4,2,25,43.6,1006,1016,8,17.89,7.4,25.4,1249,1347,1057,"1,284"
2017-05-05,20.9,15.5,27,0,6.9,3.2,35,53.4,1003.4,1013.4,11.6,23.38,5.1,28.4,1284,1249,1347,"1,187"
2017-05-06,14.9,10,19.3,0,8.1,3.8,16,32,1005,1015.2,12.4,25.23,0.9,22.3,1187,1284,1249,"1,208"
2017-05-07,16.6,10.9,22.8,0,6.5,3.2,16,42.6,1003.5,1013.6,12.6,25.9,0.5,23.6,1208,1187,1284,969
2017-05-08,17.9,11.1,23.5,0,4.4,2.1,34,43.6,1003.6,1013.6,6.1,16.92,7.3,21.7,969,1208,1187,"1,115"
2017-05-09,17.1,15.3,22.6,2.5,3.9,1.6,36,62.6,1000.5,1010.6,1.3,8.34,9.4,19.7,1115,969,1208,"1,415"
2017-05-10,16.4,14.2,20.8,2.5,5.8,2.5,54,73,999.6,1009.7,7,15.29,6.9,18.4,1415,1115,969,"1,287"
2017-05-11,19.3,13.1,24.8,0,4.3,1.8,48,65.3,1001.1,1011.1,5.3,16.69,7.6,21.6,1287,1415,1115,"1,304"
2017-05-12,19.1,16.8,21.1,0,5,2.1,63,71.6,998.7,1008.6,0,5.57,8,17.6,1304,1287,1415,"2,064"
2017-05-13,16.4,12.4,22.6,6,8.5,3.1,52,77.8,995.6,1005.6,2.2,8.35,6.8,17.2,2064,1304,1287,"1,876"
2017-05-14,15.7,11,20.7,0,6.7,3.7,32,58.3,999.2,1009.3,13.1,27.71,0.6,19.9,1876,2064,1304,"1,330"
2017-05-15,16,12.3,20.1,0,4.8,2.8,45,61.4,1001.5,1011.6,8.1,17.5,5.5,20.7,1330,1876,2064,"2,047"
2017-05-16,17.1,13.3,22.3,0,4.2,2,38,60.5,1000.6,1010.6,9.6,16.79,6.4,22,2047,1330,1876,"1,974"
2017-05-17,18.6,12.3,25.9,0,5.4,2.1,29,51.5,1001.1,1011.1,13.2,26.53,0.6,25.8,1974,2047,1330,"2,031"
2017-05-18,20.4,13.9,26.9,0,5.5,2.3,28,41.9,1005.5,1015.5,12.9,24.44,1.5,27.2,2031,1974,2047,"2,228"
2017-05-19,21.1,15.1,27.9,0,5.5,2.6,23,42.6,1006.7,1016.6,13.3,26.72,0,28.9,2228,2031,1974,"2,025"
2017-05-20,20.9,15.4,27.3,0,5.7,2.4,28,44,1005.7,1015.7,13,24.18,5.1,27.8,2025,2228,2031,"2,086"
2017-05-21,21.5,16,27.6,0,4.7,2.3,19,48.1,1004.9,1014.8,11.9,26.62,2.8,30.6,2086,2025,2228,"2,116"
2017-05-22,21.8,15.9,28,0,5,2,30,53.6,1003.8,1013.7,11.8,22.27,2.8,29,2116,2086,2025,"2,064"
2017-05-23,20,17.2,24.4,5,4.4,1.9,46,68,1000.6,1010.5,2.4,11.66,9.1,23.6,2064,2116,2086,"2,099"
2017-05-24,21.8,16.9,27.8,0.1,4.6,2,31,60.4,998,1007.9,12.7,24.99,2.9,27,2099,2064,2116,"1,882"
2017-05-25,19.2,14.4,24.4,0,7,3.4,14,45.6,994.9,1004.9,12.8,24.3,0.9,25.9,1882,2099,2064,"3,017"
2017-05-26,17.7,12.4,23.2,0,5.3,2.9,25,41.5,997.7,1007.7,11.3,25.32,1.9,26.1,3017,1882,2099,"1,921"
2017-05-27,19.5,13.7,26.4,0,4.9,2.2,24,46.1,1001.7,1011.7,13.5,26.95,0.1,28.4,1921,3017,1882,"2,161"
2017-05-28,21.2,14.4,27.9,0,5.4,2.7,25,50.6,1001.4,1011.3,11.2,23.57,1,28.3,2161,1921,3017,"2,142"
2017-05-29,22.9,18.1,29.3,0,5.3,2.3,39,61.8,1001.7,1011.6,9.7,22.29,4.6,29.8,2142,2161,1921,"2,293"
2017-05-30,23.6,18.6,30.3,0,5.4,2.4,7,43.5,999.4,1009.2,11.1,21.3,6,29.1,2293,2142,2161,"2,520"
2017-05-31,23.3,17.7,29.6,0,4.8,1.9,22,49.1,992.9,1002.7,10.2,20.09,5.4,30.7,2520,2293,2142,"2,131"
2017-09-01,23.3,17.1,29.7,0,4.4,2.2,31,56,1002.6,1012.5,12.4,22.7,0.4,26.6,2853,3011,2347,"3,435"
2017-09-02,23.8,18.6,29.6,0,4.2,1.8,33,59,1002.6,1012.4,10.7,19.67,2.9,27.2,3435,2853,3011,"2,928"
2017-09-03,23.7,19,29.2,0,3.3,1.6,36,64,1004.8,1014.7,8.5,15.85,3,25.6,2928,3435,2853,"3,160"
2017-09-04,24.6,19.7,30.1,0,3.2,1.6,28,53.8,1005.2,1015,8.8,17.94,6.1,28.6,3160,2928,3435,"3,549"
2017-09-05,21.9,20.4,23.7,0,3.3,1.7,51,62.4,1001.8,1011.7,0,5.38,8.8,22.6,3549,3160,2928,"3,307"
2017-09-06,20.6,18.5,24,2,2.8,1.2,61,75.5,998.6,1008.5,0,6.06,9.6,21.5,3307,3549,3160,"2,985"
2017-09-07,22.4,17.8,27.5,0,3.7,1.4,52,73.3,997.9,1007.7,7.6,14.01,5.6,24.3,2985,3307,3549,"2,874"
2017-09-08,24.3,20.4,29.9,0,3.9,1.7,30,67.5,1001.4,1011.2,9.7,19.77,3.8,27.6,2874,2985,3307,"3,519"
2017-09-09,23.8,19.2,28.2,0,3.6,1.4,43,70.1,1003.2,1013,11.1,16.69,2.8,26.5,3519,2874,2985,"3,789"
2017-09-10,23,19.9,26.1,0.5,2.7,1.4,56,74.3,1003.4,1013.3,0,7.34,9.3,24.3,3789,3519,2874,"3,774"
2017-09-11,21.2,18.6,24.6,24,3.9,1.7,59,79.8,997.7,1007.5,1.9,8.17,7.6,22.6,3774,3789,3519,"3,365"
2017-09-12,22.1,17.7,27.9,0,4.8,1.9,29,58.6,1003.6,1013.5,11.6,19.09,0.6,23.3,3365,3774,3789,"3,546"
2017-09-13,21.4,15.9,27.5,0,4.2,1.9,30,49.3,1008.4,1018.4,11.9,21.6,0,23,3546,3365,3774,"4,284"
2017-09-14,22.4,14.8,29.5,0,3.2,1.7,28,48.8,1009.3,1019.2,11.5,20.59,1.5,23.9,4284,3546,3365,"3,709"
2017-09-15,22.6,17.8,27.9,0,5.9,3.6,33,48.4,1009,1018.9,11.3,19.03,3.9,25,3709,4284,3546,"3,811"
2017-09-16,22,16.7,27.6,0,5.7,3.6,39,50.9,1004.5,1014.4,11,20.23,3.1,25.2,3811,3709,4284,"3,255"
2017-09-17,23.1,19,29.2,0,5,2.7,34,51.3,997.6,1007.4,10,19.04,3.5,26.7,3255,3811,3709,"3,308"
2017-09-18,21.9,16.4,27.6,0,4.7,2.1,36,62.8,998.3,1008.2,11.4,18.98,1.8,25.8,3308,3255,3811,"3,478"
2017-09-19,22.6,20.1,25.8,8,6.8,3,66,79.1,998.8,1008.6,2.1,7.26,7.9,24.6,3478,3308,3255,"3,572"
2017-09-20,19.5,14.1,24.9,0,5,2.4,29,48.9,1002.4,1012.4,11.6,20.74,0.8,20.3,3572,3478,3308,"3,330"
2017-09-21,20.3,14.2,27,0,3,1.6,29,57.3,1004,1013.9,11.5,19.35,0.5,21.7,3330,3572,3478,"3,217"
2017-09-22,20.6,15.4,26.8,0,4.4,2.1,34,60.8,1003,1012.9,11,16.7,3.5,22.1,3217,3330,3572,"3,379"
2017-09-23,21.8,17.6,27.3,0,3.7,1.6,40,69.8,1005.4,1015.3,7.3,13.3,6.6,23.3,3379,3217,3330,"3,556"
2017-09-24,22.4,18.8,27.9,0,4.6,2,53,71.5,1005.1,1015,5.4,11.77,6.9,24.3,3556,3379,3217,"3,899"
2017-09-25,23.4,17.4,30.1,0,3,1.4,35,58,1004.8,1014.7,10.4,16.62,2.5,25.2,3899,3556,3379,"4,201"
2017-09-26,25.1,19.4,31.4,0,3.3,1.9,36,57,1002.2,1012,8.7,15.66,4.9,27,4201,3899,3556,"3,692"
2017-09-27,22.7,19.9,27.3,0.5,4.3,1.7,53,66.4,997.7,1007.5,0,0.02,8.8,24,3692,4201,3899,"3,511"
2017-09-29,17.4,11.2,23.5,0,5.4,2.2,20,39.3,1007.5,1017.6,10.5,13.75,3.1,20,3975,3511,3692,"3,302"
2017-09-30,20,14.7,25.9,0,3.9,1.5,49,64.9,1011.1,1021.2,5.8,6.11,3.5,21.1,3302,3975,3511,"3,436"
2017-10-01,18.2,15.5,21.2,4,4.3,2.3,50,74.8,1006.8,1016.8,0.6,3.06,8.9,18.8,3436,3302,3975,"3,161"
2017-10-02,22,15.6,29.4,1.5,5.8,2.3,34,62.3,1001.3,1011.1,10.2,11.2,2.6,21.7,3161,3436,3302,"2,342"
2017-10-03,17.6,13.4,23.6,0,5.4,2.3,41,49.8,1008.2,1018.3,6.7,7.19,5.8,18.2,2342,3161,3436,"4,307"
2017-10-04,16.7,10.7,24.3,0,4.4,1.8,32,48.5,1013.1,1023.2,8.5,9.93,6.6,17.5,4307,2342,3161,"3,281"
2017-10-05,18.7,13.9,23.4,0,3.4,2.1,43,56.4,1013.1,1023.2,6.4,7.21,8,18.7,3281,4307,2342,"3,553"
2017-10-06,18.9,16.2,23.3,0.5,4.4,2.3,44,66.4,1008.9,1019,4.6,5.32,8.5,19.4,3553,3281,4307,"3,638"
2017-10-07,21.9,16.9,28.8,0,2.9,1.2,42,67.6,1009.7,1019.6,6.2,9.17,7.5,23.9,3638,3553,3281,"2,741"
2017-10-08,23,19.3,28.7,0,3.6,1.4,42,66.9,1012,1021.9,10,9.32,4.8,25.3,2741,3638,3553,"3,672"
2017-10-09,22.5,19.8,27.6,0,3,1.5,34,66,1011.4,1021.3,6.5,7.24,6.5,24.9,3672,2741,3638,"3,771"
2017-10-10,21.4,18.6,24.8,0.4,3.8,1.3,56,76.9,1008.2,1018.1,1,3.75,9.3,22.1,3771,3672,2741,"3,500"
2017-10-11,15.5,12.2,21.7,20,5.5,2.9,55,77.1,1008.1,1018.3,1.9,3.87,9.3,17.4,3500,3771,3672,"2,718"
2017-10-13,12.8,6.1,18.9,0,6.9,3.2,31,51,1012.1,1022.5,9.6,9.41,3.4,12.8,1610,2718,3500,672
2017-10-15,15.8,9,23,0,3.8,1.7,22,42.5,1017.1,1027.3,9.3,9.97,5.4,15.3,1701,672,1610,"2,566"
2017-10-16,16.6,13.6,22,0,3.9,1.7,25,47.6,1016.4,1026.6,5.3,7.3,7.9,17.2,2566,1701,672,"2,833"
2017-10-17,16.2,9.2,23.9,0,3.1,1.3,26,47.1,1014.1,1024.4,10.3,10.3,0.4,16.2,2833,2566,1701,"2,416"
2017-10-18,16.5,14.2,19.1,0.1,3.8,2.4,43,58.8,1012.9,1023.2,0.3,3.13,9.3,15.7,2416,2833,2566,"2,473"
2017-10-19,17,11.9,23.2,0,3.4,1.8,32,58.3,1009.2,1019.4,9.2,9.08,3.8,16.8,2473,2416,2833,"1,773"
2017-10-20,17,11.1,24.2,0,3.5,1.5,30,58.6,1008.8,1018.9,10.1,9.75,0.1,16.9,1773,2473,2416,"2,133"
2017-10-21,17.6,11,25.2,0,3.5,1.3,25,52.8,1007.6,1017.7,10.1,9.75,0,16.7,2133,1773,2473,"1,818"
2017-10-22,16.3,11,23.5,0,7.2,3.1,33,50.4,1004,1014.1,9.6,8.97,1.8,15.6,1818,2133,1773,"2,293"
2017-10-23,13.7,8.6,20.6,0,3.2,1.4,30,47,1007.8,1018.1,10.1,9.37,0,14.4,2293,1818,2133,"1,825"
2017-10-24,14.4,9.9,20.9,0,3.3,1.9,30,54.3,1013.6,1023.8,8.2,7.95,3,14.3,1825,2293,1818,"1,189"
2017-10-25,14.4,9.5,20.6,0,3.7,1.5,26,59,1014.5,1024.8,9.5,9.17,2.9,14.7,1189,1825,2293,"1,109"
2017-10-26,14.5,10.7,18.1,0,3.2,1.2,31,56.5,1011.3,1021.5,1.8,4.42,8.6,14.6,1109,1189,1825,"1,361"
2017-10-27,16.9,11.9,24.2,0,2.9,1.2,32,54.4,1009.6,1019.8,9.7,8.47,1.9,16.8,1361,1109,1189,"1,619"
2017-10-28,17.2,10.6,24.8,0,5.1,2,29,51.9,1009.8,1019.9,9.8,8.75,0.1,16.5,1619,1361,1109,"1,469"
2017-10-29,11.5,6.3,17.2,0,7.6,3.3,25,45.6,1007.1,1017.5,7.3,7.94,0,12.1,1469,1619,1361,"1,671"
2017-10-30,7.7,2.5,13.2,0,4.8,2.4,16,27.4,1015.1,1025.7,9.8,9.16,0,10.1,1671,1469,1619,149
2017-10-31,10.4,3.6,16,0,4.4,1.8,32,54.3,1014.6,1025.1,9.5,8.01,1.8,11.4,149,1671,1469,154
2018-05-04,14.1,8.8,20,0,5.9,2.7,25,45.5,1001.5,1011.6,12.4,27.26,1.4,17.9,468,1871,1837,"1,052"
2018-05-05,18.3,11.6,24.6,0,4.8,2.6,27,46.8,1004.7,1014.7,11,22.26,6,20.4,1052,468,1871,"1,717"
2018-05-06,16.6,15,20.7,22,3.9,1.1,60,86.4,997.7,1007.7,3.2,9.31,9.3,17.2,1717,1052,468,"2,246"
2018-05-07,19.2,14,25.5,0,3.7,1.2,26,60.3,996.5,1006.4,7.1,17.7,6,18.4,2246,1717,1052,"1,361"
2018-05-08,17.5,11.6,22.9,0,2.7,1.7,36,50.9,1003.9,1014,11.3,23.25,3,21.3,1361,2246,1717,"2,931"
2018-05-09,15.7,9.2,21.8,0,3.6,1.7,31,50.4,1010.6,1020.8,12.6,26.77,0.1,21.7,2931,1361,2246,"1,988"
2018-05-10,15.4,11.3,21.4,0,5.4,2.3,44,67.4,1012.1,1022.3,12.3,26.53,3.1,22.5,1988,2931,1361,"2,906"
2018-05-11,16.1,11.9,21.3,0,3.5,1.8,36,59.8,1008.2,1018.3,5.3,18.7,9.5,21,2906,1988,2931,"2,422"
2018-05-12,14.2,11.8,16.1,32,2.9,0.9,50,89.3,999.8,1009.9,0,1.32,10,14.6,2422,2906,1988,"3,117"
2018-05-13,15.8,12.7,20,0.5,3.9,1.9,61,82.5,998.3,1008.3,6.9,16.37,5.3,18.4,3117,2422,2906,"1,533"
2018-05-14,18.2,11.9,24.5,0,3.4,1.4,45,71.4,1001.3,1011.4,7.2,19.19,6.6,21.2,1533,3117,2422,"2,376"
2018-05-15,23.2,15.4,29.3,0,3.4,1.1,31,56.4,1000,1009.8,8.9,21.18,8.5,25.3,2376,1533,3117,"3,076"
2018-05-16,22.3,21.8,24.4,45,6.1,1.9,62,93.8,995.1,1004.9,0,1.6,10,21.6,3076,2376,1533,"3,529"
2018-05-17,20.9,18.8,23.5,83,8,1.4,80,97,994,1003.8,0,3.96,10,21.2,3529,3076,2376,"1,964"
2018-05-18,16.3,12.2,19.3,6.5,2.7,1.3,66,86.8,996.2,1006.2,0.4,5.64,8.3,18.2,1964,3529,3076,"1,634"
2018-05-19,17.6,10.3,24.7,0,2.9,1.5,31,47.5,1005.9,1016,12.7,29.13,0,21.2,1634,1964,3529,"1,849"
2018-05-20,17,11.5,22.6,0,2.8,1.4,22,32.1,1009.2,1019.3,4.2,14.42,4.6,16.9,1849,1634,1964,"2,837"
2018-05-21,17.8,11.3,23.7,0,3.5,1.4,24,43.9,1007.9,1018,8.8,24.59,3.9,21.8,2837,1849,1634,"2,680"
2018-05-22,18.1,15.4,23.2,12.5,3.1,1.1,48,75.5,1002,1012,2.7,10.87,9,19,2680,2837,1849,"2,708"
2018-05-23,17.3,13.6,23.3,6.5,5,2.5,27,57.1,998.4,1008.4,12.7,29.2,1.4,21.9,2708,2680,2837,"2,119"
2018-05-24,18.3,11.2,23.7,0,5.4,2.2,24,47.4,999.5,1009.4,12.5,27.02,0.5,22.1,2119,2708,2680,"2,663"
2018-05-25,19.7,13.8,26.2,0,4.5,1.8,22,47.4,998.5,1008.4,12.1,25.48,3.4,23.1,2663,2119,2708,"2,636"
2018-05-26,21.8,14,29.6,0,4,1.4,27,50.1,998.8,1008.6,12.6,26.86,1,26.3,2636,2663,2119,"2,778"
2018-05-27,20.3,17.3,24.7,0,4.1,1.7,30,47.4,1000.4,1010.3,4.7,17.12,7.3,23.6,2778,2636,2663,"3,160"
2018-05-28,22.3,16.2,29.1,0,4.3,1.6,34,49.8,999.9,1009.7,12.5,26.49,3.8,27.9,3160,2778,2636,"3,154"
2018-05-29,21.4,19.1,25.9,1,4.4,1.8,50,69.3,1001.2,1011,3.4,13.34,9.4,25.2,3154,3160,2778,"3,480"
2018-05-30,20.2,15.8,24.7,0,4.4,1.9,35,69.8,1000,1009.9,9.8,21.67,4.6,24.8,3480,3154,3160,"2,838"
2018-05-31,20.9,14.2,27.6,0,3.6,1.9,35,58.9,1001.4,1011.3,12.9,26.94,0.9,28.3,2838,3480,3154,"3,229"
2018-09-01,25.5,20.8,30.9,0,2.3,1.3,38,59.4,1001.5,1011.2,10.6,21.01,1.5,26.5,1498,1770,2116,"1,261"
2018-09-02,25.1,20.1,29.6,0,2.8,1.5,38,55.8,999.2,1009,9.2,20.34,5.5,28.4,1261,1498,1770,"1,487"
2018-09-03,23.3,21.4,25.8,34.5,5.5,1,67,85.3,991.9,1001.6,0,3.36,9.8,24.3,1487,1261,1498,"1,360"
2018-09-04,23.2,20,27.8,0,5.2,2.2,43,69.4,988,997.7,11,21.64,5.1,24,1360,1487,1261,"1,260"
2018-09-05,24,19.6,28.5,0,5.7,2.5,36,63.5,992.9,1002.6,11.8,22.46,1.9,24.8,1260,1360,1487,"1,799"
2018-09-06,24.1,20.9,28.2,1,5,2,42,69.9,994.2,1003.9,2.2,11.03,7.9,24.7,1799,1260,1360,"1,846"
2018-09-07,22,19.1,25.5,0.5,4.3,2.5,32,54.6,995.7,1005.5,10.9,19.58,4.9,23.3,1846,1799,1260,"1,911"
2018-09-08,21.7,15.9,27.7,0,3.9,1.7,29,48.8,1003.5,1013.4,11.7,22.75,0.3,24.5,1911,1846,1799,"1,744"
2018-09-09,22.2,15.6,28.9,0,2.8,1.2,26,49,1006.4,1016.3,9.9,21.4,1.4,26.4,1744,1911,1846,"1,571"
2018-09-10,22.9,18.6,28.4,0,2.7,1.6,33,49.5,1010.6,1020.5,10.3,19.84,2.4,26.2,1571,1744,1911,"1,649"
2018-09-11,21.6,16.8,26.1,0,2.4,1.5,37,48.1,1010.8,1020.7,8.4,17.85,7.5,24.5,1649,1571,1744,"1,815"
2018-09-12,22.8,16.8,28.2,0,3.2,1.4,39,52,1008.1,1018,11.3,20.39,4.1,26.8,1815,1649,1571,"1,626"
2018-09-13,23.5,20.3,28.3,0,2.4,1.2,45,63.5,1007,1016.8,5,12.93,7.9,27.2,1626,1815,1649,"1,725"
2018-09-14,23.5,20.3,26.8,0.5,2.6,1.3,51,66.9,1005.6,1015.4,1.6,9.8,8.3,25.4,1725,1626,1815,"1,990"
2018-09-15,23.3,21,26,0.2,2.4,1,61,76,1004.4,1014.2,0.8,7.44,9.8,24,1990,1725,1626,"2,254"
2018-09-16,22.2,21,23.9,2,3.7,1.7,58,83.6,1005.4,1015.3,0,6.44,10,23.2,2254,1990,1725,"2,295"
2018-09-17,22.3,18.5,27.7,0.1,3.8,1.9,32,64.3,1007,1016.9,10.8,20.42,5.3,25.8,2295,2254,1990,"3,336"
2018-09-18,22,17.7,26.5,0,3.4,1.2,33,59.8,1006.6,1016.5,7.9,15.85,8.3,25.5,3336,2295,2254,"3,450"
2018-09-19,22.1,18.9,26.6,0.2,2.9,1,34,59.1,1004.1,1014,2.1,10.66,9.5,24.4,3450,3336,2295,"3,183"
2018-09-20,19,17.8,20.1,5,2.9,1.8,57,82.4,1000.7,1010.6,0,4.08,10,19.8,3183,3450,3336,"3,112"
2018-09-21,19.4,17.6,21.9,18,2.3,1.3,72,85.8,1000.3,1010.2,0.6,6.31,9.3,20.8,3112,3183,3450,"3,194"
2018-09-22,20.8,17.2,25.5,6.5,5.3,1.8,24,62.3,1004.6,1014.5,10.8,19.06,2.1,21.1,3194,3112,3183,"2,737"
2018-09-23,19.4,15.6,25.3,0,4.3,1.6,27,52.9,1005.8,1015.8,7.4,14.77,4.4,19.9,2737,3194,3112,"3,348"
2018-09-24,17.6,14.2,22.1,0,4.4,2.1,27,48.3,1008.7,1018.8,11,20.96,1.1,19.3,3348,2737,3194,"3,542"
2018-09-25,17.8,10.8,24.3,0,2.2,1.1,23,48,1009.5,1019.6,10,20.19,2.1,19.8,3542,3348,2737,"2,591"
2018-09-26,19.4,16.2,24.8,0,2.7,1.7,32,47.9,1009.8,1019.8,8.4,17.06,5,21.8,2591,3542,3348,"2,757"
2018-09-27,18.9,13.2,25,0,2.4,1.3,28,47.6,1008.9,1018.9,10.3,18.26,0.9,20,2757,2591,3542,"2,587"
2018-09-28,17.5,14.3,22.2,0,2.1,1.2,45,58.1,1008.5,1018.6,3.5,8.76,6.1,18.6,2587,2757,2591,"2,200"
2018-09-29,20.2,14.6,27,0,2.4,1,31,55.5,1003.9,1013.9,10.8,19.37,0.4,21.9,2200,2587,2757,"1,731"
2018-09-30,17.6,14,21.6,0,5.5,2.3,27,52.5,996.1,1006.1,10.4,16.95,0.6,21.2,1731,2200,2587,"2,018"
2018-10-01,15.4,13,19.7,0,6.1,2.9,32,55.1,997.9,1008,7.9,15.1,4.5,19,2018,1731,2200,"2,031"
2018-10-02,15.9,10.3,22,0,4.1,1.6,35,61.4,1007.1,1017.3,10.8,18.84,0.5,19.4,2031,2018,1731,"1,634"
2018-10-03,17.3,11.2,24.2,0,4,1.3,33,58,1011.7,1021.9,10.6,18.49,0,19.8,1634,2031,2018,"1,396"
2018-10-04,19.3,13,25.6,0,2.4,1.3,34,56.5,1013.5,1023.6,8.9,15.88,6.5,20.7,1396,1634,2031,"1,549"
2018-10-05,16.9,15.7,19,36.5,3.2,1.7,55,84.1,1008.1,1018.2,0,2.74,9.8,17,1549,1396,1634,"2,487"
2018-10-06,18,16.3,21.7,55.5,5.3,2.2,56,84,997.1,1007,3,6.86,7.5,18.8,2487,1549,1396,"1,221"
2018-10-07,16.4,12.3,21.1,0,3.6,1.7,29,53.5,1006.6,1016.7,10.5,15.65,2.9,16.2,1221,2487,1549,"1,340"
2018-10-08,14.8,9.2,20.9,0,2.7,1.1,21,47,1009.3,1019.5,10.5,15.28,4.4,14.1,1340,1221,2487,"1,149"
2018-10-09,15.3,10.7,19.8,0,2.7,1.1,33,52.5,1005.9,1016.1,2.3,8.89,9,14.3,1149,1340,1221,752
2018-10-10,12,7.9,16.7,7,4.7,2.5,38,61,1007.1,1017.4,6.5,10.3,6.8,13.1,752,1149,1340,"1,464"
2018-10-11,9.7,6.1,13.9,0,5.6,2.1,31,51,1012.5,1023,9.3,15.42,1.4,8.9,1464,752,1149,269
2018-10-12,10.9,5.2,17.4,0,3.2,1.3,32,54,1015.6,1026.1,10.1,17.67,0,12.7,269,1464,752,296
2018-10-13,12.5,6.1,19.8,0,2.9,1,26,54,1015.2,1025.5,10,16.78,0,13.8,296,269,1464,329
2018-10-14,13.2,6.8,20.3,0,3.1,1.5,28,60,1012.5,1022.8,9.9,16.08,3.4,14.9,329,296,269,351
2018-10-15,15.2,10.9,21,0,3.5,1.4,40,69.9,1009.9,1020.1,6.8,11.26,4,15.7,351,329,296,724
2018-10-16,14.5,9.9,20.3,0,3,1.3,27,55.9,1006.5,1016.7,8.2,13.15,5.6,15.4,724,351,329,894
2018-10-17,12.4,8.4,18.6,0,3.6,1.3,16,53.3,1005.8,1016.1,10,16.44,0,14.9,894,724,351,568
2018-10-18,12.7,7.5,19,0,2.7,1.1,37,59.5,1010,1020.3,8.1,13.37,3.1,14.8,568,894,724,435
2018-10-19,13.1,7.2,20.4,0,3.8,1.4,28,54.3,1014.9,1025.2,9.9,16.23,0,14.9,435,568,894,853
2018-10-20,13.4,6.9,21.4,0,3,1.2,19,53.9,1015.3,1025.6,9.7,15.97,1.1,15.1,853,435,568,809
2018-10-21,13.4,7.2,21.1,0,2.9,1.1,21,49.5,1013.1,1023.5,9.6,15.77,2.4,14.8,809,853,435,634
2018-10-22,14,8.8,20.6,0,2.6,1,29,50,1009.9,1020.1,7.6,12.13,5.3,15.1,634,809,853,486
2018-10-23,12.2,9.8,16.9,5,5,1.1,61,75.1,1007.2,1017.5,5.3,7.68,5.4,13.1,486,634,809,444
2018-10-24,12.5,7.6,18.7,0,3.4,1.3,37,66,1010.5,1020.8,9.6,13.64,0.5,12.4,444,486,634,370
2018-10-25,13.8,7,21.2,0,1.6,0.9,28,55.5,1010.1,1020.4,8.7,13.56,4,12.7,370,444,486,379
2018-10-26,12.2,9.9,14.7,11,5.4,1.6,55,74.1,1001.6,1011.9,2.4,3,7.5,12.8,379,370,444,765
2018-10-27,8.7,6.2,11.6,0,5.8,3.2,30,49.6,1004.5,1014.9,8,11.6,1.6,8.7,765,379,370,301
2018-10-28,8.3,5.2,13.5,5.5,5.9,1.5,53,77.1,999.8,1010.2,2.8,6.66,7.3,8.8,301,765,379,95
2018-10-29,7.2,3.4,11.7,0,5.3,2,37,57.3,1004.3,1014.8,6.5,9.84,5.9,7.5,95,301,765,72
2018-10-30,6.1,0.7,11.6,0,3.5,1.6,31,51.3,1011.2,1021.8,9.1,14.55,3.3,6.9,72,95,301,24
2018-10-31,7.4,3,12.6,0,4.1,1.6,33,55.4,1013.1,1023.6,9.3,14.51,0.8,8,24,72,95,148
2019-04-19,13.8,9.6,19.7,0,3.2,1.6,31,57.5,1005.9,1016.1,5.9,15.84,4.8,17.1,314,218,48,242
2019-04-20,14.3,9.7,19.1,1.2,4.5,1.9,40,66.9,1004.7,1014.9,5,14.63,7.1,17.5,242,314,218,468
2019-04-21,14.8,12.2,20.2,0.3,4.2,1.9,53,77.8,1003.4,1013.5,4.1,13.42,7.9,18.1,468,242,314,506
2019-04-22,19.3,10.7,28.2,0,4.2,1.4,18,50.6,1004.7,1014.7,11.1,23.42,2.3,21.6,506,468,242,603
2019-04-23,20.4,15.3,25.5,0,3.8,1.3,36,52,1002.2,1012.1,4.2,13.14,8.4,20.3,603,506,468,814
2019-04-24,19.5,15.8,25.9,4.1,4.5,1.6,42,70.4,996.3,1006.2,8,18.91,5,21,814,603,506,771
2019-04-25,13.2,9.4,17.2,11.3,3.6,2,51,75.9,996.9,1007,0,3.48,9.4,14,771,814,603,"1,107"
2019-04-26,8.4,6.2,9.9,4.9,3.5,1.5,65,82.1,1003.1,1013.5,0,3.51,8,10.2,1107,771,814,104
2019-04-27,11.6,4.1,18.2,0,3.6,1.7,25,52.6,1010.9,1021.2,10.3,23.24,4.8,14.1,104,1107,771,101
2019-04-28,12.9,9.9,16.6,0,3.7,1.6,33,48.8,1010.2,1020.5,3.4,12.09,8.1,13.9,101,104,1107,894
2019-04-29,13,8.3,17.3,0,2,0.9,36,52.9,1004,1014.2,3.3,9.81,5.8,12.3,894,101,104,782
2019-04-30,15.5,9,22.5,0,4.2,1.6,29,52.8,998.7,1008.7,11.2,21.75,4.4,18.1,782,894,101,705
2019-05-01,16.4,11.2,22.2,0,4.8,2.3,28,48.9,996.4,1006.4,10.9,24.41,1.9,20.2,705,782,894,"1,345"
2019-05-02,17.1,10.6,25.3,0,5.1,2.3,14,28.5,1001.6,1011.7,12.7,27.27,0,21.3,1345,705,782,"1,507"
2019-05-03,17.9,10.1,26.1,0,4.4,1.6,17,37.5,1006.4,1016.4,12.4,25.59,0,21.9,1507,1345,705,"1,258"
2019-05-04,19.5,12,27.4,0,4.1,1.7,18,40.4,1007.8,1017.8,10.7,22.12,4.9,22.3,1258,1507,1345,"1,137"
2019-05-05,19.2,13.6,26.5,0,5.3,2.2,12,35.8,1005.8,1015.8,11.1,25.14,5.1,23.9,1137,1258,1507,"1,315"
2019-05-06,14.5,9.8,19.8,0,5.3,3.1,12,27.1,1006.4,1016.6,12.8,28.25,0.3,22.8,1315,1137,1258,"1,108"
2019-05-07,15,8.4,21.9,0,5,2.3,16,33.4,1005.7,1015.9,12.9,27.02,0,22.1,1108,1315,1137,"1,172"
2019-05-08,15.6,10.1,21.3,0,5.1,2.3,31,48.3,1002.1,1012.3,12.2,23.39,6.1,21.3,1172,1108,1315,"1,031"
2019-05-09,16.6,11.7,22.9,0,4.5,2.2,19,43.3,1000.8,1010.8,12.1,25.46,3.1,23.9,1031,1172,1108,"1,169"
2019-05-10,17.8,10.3,26.8,0,4.1,1.9,28,48,1003.1,1013.1,12.3,25.19,3.5,24.4,1169,1031,1172,"1,300"
2019-05-11,20.3,13.2,28.3,0,3.9,1.8,22,39,1003.7,1013.6,12.7,25.19,2,26.4,1300,1169,1031,"1,636"
2019-05-12,21.6,14.7,28.9,0,3.1,1.5,24,36,1004.8,1014.7,12,21.82,4.3,26.8,1636,1300,1169,"1,633"
2019-05-13,18.7,15.5,22.8,0,4.9,1.6,29,43.4,1004.4,1014.4,1,8.51,8.3,19.2,1633,1636,1300,"1,543"
2019-05-14,19.6,12.9,26.9,0,4.1,1.6,24,44.5,1003,1012.9,13,25.35,1.6,25.8,1543,1633,1636,"1,364"
2019-05-15,20.7,14.8,28,0,3.9,1.7,23,48.1,1002.9,1012.9,8.4,21.24,4.5,26.8,1364,1543,1633,"1,395"
2019-05-16,23.5,16.7,30,0,4.1,1.5,25,43.8,1001.9,1011.7,12.5,25.19,2.5,29.9,1395,1364,1543,"1,421"
2019-05-17,23.6,17.6,28.3,0,3.2,1.2,31,44.9,1002.2,1012,4.2,14.72,7.5,26.1,1421,1395,1364,"1,629"
2019-05-18,22.8,19.1,25.9,0,4.8,2.1,38,46.8,1001.8,1011.6,4.3,16.28,8.5,28.2,1629,1421,1395,"1,531"
2019-05-19,19.4,17.9,21.6,22,2.7,1.2,55,93,998.8,1008.7,0,5.22,10,20.4,1531,1629,1421,"1,697"
2019-05-20,16.4,13,20.2,8.7,6.1,3.4,33,63.6,994.9,1004.9,10.5,24.95,4.5,18.6,1697,1531,1629,"1,698"
2019-05-21,17.2,11.7,23.8,0,5.9,2.9,22,52,995.2,1005.2,13.1,28.89,0,21.8,1698,1697,1531,"1,533"
2019-05-22,19.5,12.3,26.5,0,5.4,2.4,19,46,995.3,1005.2,12.6,27.5,1.4,25.1,1533,1698,1697,"1,973"
2019-05-23,22.1,15,29.2,0,3.5,1.7,16,45,998.4,1008.2,13.2,27.36,0,28.5,1973,1533,1698,"1,856"
2019-05-24,24.2,16.2,33.4,0,4.1,1.7,27,46.4,1000.8,1010.5,12.7,26.13,1.4,30.6,1856,1973,1533,"1,715"
2019-05-25,23.4,18.4,28.6,0,4.2,1.6,15,45.6,1005,1014.8,7.1,18.83,7.9,26.7,1715,1856,1973,"1,543"
2019-05-26,24.5,18.6,31.1,0,4.5,1.8,21,39,1003.7,1013.5,11,25.81,6,30.5,1543,1715,1856,"1,523"
2019-05-27,17.8,14.3,22.3,7.1,5.3,2.4,42,80.9,994.5,1004.4,0,2.33,8.6,18.2,1523,1543,1715,"1,724"
2019-05-28,18.1,11.9,24.6,0,4.9,2.6,20,45.9,1000.7,1010.7,13,28.01,2.1,21.8,1724,1523,1543,"1,310"
2019-05-29,20.3,13.3,26.5,0,4.9,2,21,48.4,999.7,1009.6,13.3,28.48,0.4,26.2,1310,1724,1523,"1,975"
2019-05-30,19.6,14.6,24.5,0,5.4,2.4,31,48,1000.7,1010.6,7,18.28,7.9,23.8,1975,1310,1724,"2,127"
2019-05-31,19.1,16.1,23.3,0,5.4,2.8,35,49.6,1000.3,1010.2,12.3,27.46,2.3,26.5,2127,1975,1310,"1,596"
2019-09-01,23.7,19.2,27.8,0,2.9,1.4,37,64,1006.8,1016.7,6.9,15.17,6.1,23.8,2559,2591,2911,"2,352"
2019-09-02,24.4,19.4,29.7,0,3.5,1.6,34,56.6,1006.5,1016.3,7.4,16.85,6.1,24.8,2352,2559,2591,"2,506"
2019-09-03,24.1,22,28,0,3.8,2.3,50,67.6,1005.3,1015.1,2.9,11.6,8.5,26.3,2506,2352,2559,"2,742"
2019-09-04,22.8,21.2,25.5,22.7,4.5,2.5,73,89,1003.1,1012.9,1.1,5.68,9.3,23.5,2742,2506,2352,"2,564"
2019-09-05,23,21.5,27.6,36.4,5,2,66,91.4,1001.9,1011.7,1.5,6.07,9,23.7,2564,2742,2506,"2,900"
2019-09-06,25.3,21.6,29.1,2.4,3.4,2.1,63,79.8,999.2,1008.9,0.4,9.29,10,25.5,2900,2564,2742,"2,914"
2019-09-07,25.7,22.6,29.5,2.8,11.8,6,58,72.9,987.7,997.3,0,2.95,10,24.1,2914,2900,2564,"3,141"
2019-09-08,24.7,22.9,27.3,0,4.8,1.9,62,76.9,998.3,1008,1.4,9.31,9.3,25.1,3141,2914,2900,"3,008"
2019-09-09,25.1,22.4,28,0,3.6,1.7,55,74.3,1000.6,1010.4,2,10.04,9.3,25.2,3008,3141,2914,"3,361"
2019-09-10,23.8,22.1,26.5,63.2,4,2.4,73,93.4,1001.7,1011.5,1,5.74,9.8,24.4,3361,3008,3141,"3,310"
2019-09-11,24.3,20.4,28.7,7.6,4.7,3.1,54,71.4,1004.6,1014.4,6.9,16.56,7.9,24.9,3310,3361,3008,"2,797"
2019-09-12,21,18.7,22.9,3.9,4.8,2.6,56,72.3,1006.6,1016.6,0,4.09,9.8,21.9,2797,3310,3361,"2,580"
2019-09-13,23.3,18.3,29.3,0.1,3.5,1.7,34,60.4,1003.6,1013.5,10.9,21.35,4.3,24.4,2580,2797,3310,"2,518"
2019-09-14,22.4,20.8,24.1,0.3,2.9,1.2,61,80,1001.6,1011.4,0.2,3.34,8.8,22.9,2518,2580,2797,"3,337"
2019-09-15,24.2,19.5,30,0,4.1,1.7,40,70.4,1000.8,1010.6,10.6,18.19,5.5,25.2,3337,2518,2580,"2,530"
2019-09-16,24.5,20.7,30.5,0,4.5,2.1,28,53,1001,1010.8,9.4,19.91,3.6,27.4,2530,3337,2518,"3,592"
2019-09-17,23.5,18,29,0,4.4,2.1,24,41.6,1004.7,1014.5,10.6,20.01,6.4,25.4,3592,2530,3337,"3,865"
2019-09-18,21,16,25.4,0,4.9,3.1,27,46,1006.7,1016.6,11.7,21.9,1.1,25.4,3865,3592,2530,"3,058"
2019-09-19,19.5,13.6,26,0,4.3,1.9,32,46.5,1008.2,1018.2,10.2,19.83,3.5,23.3,3058,3865,3592,"2,935"
2019-09-20,19.6,15.8,24.2,0,3.5,2.1,39,52.8,1007.5,1017.5,1.3,8.64,9.4,21.5,2935,3058,3865,"2,534"
2019-09-21,19.6,18.3,22.1,0,3.7,2,48,60.3,1009.1,1019.1,0,4.44,9.6,20.8,2534,2935,3058,"2,677"
2019-09-22,18.6,17.3,19.6,0.4,6.4,3.8,54,63.4,1003.2,1013.1,0,3.2,9.4,18.5,2677,2534,2935,"2,193"
2019-09-23,20,16.9,24.6,0,5,2.2,33,51.1,1004.4,1014.3,9,16.92,3.1,20.2,2193,2677,2534,"2,704"
2019-09-24,19.8,13.9,26.5,0,3.5,1.8,31,61.3,1008.6,1018.6,11.4,20.17,0,23,2704,2193,2677,"2,283"
2019-09-25,20.9,14.8,27.4,0,3,1.4,34,64.4,1011.7,1021.7,8.8,16.44,5.9,23.4,2283,2704,2193,"2,344"
2019-09-26,22.9,17.7,29,0,3.3,1.9,31,59.3,1013.6,1023.5,8.1,15.5,8.4,25.1,2344,2283,2704,"2,392"
2019-09-27,22.9,19.6,27,0,3.1,1.9,35,57.5,1012.1,1022,3.5,10.42,8.6,24.4,2392,2344,2283,"2,521"
2019-09-28,23.7,19.4,29.2,0,3.3,1.7,35,58.9,1008.1,1018,10.1,15.97,3.8,25.8,2521,2392,2344,"2,393"
2019-09-29,22.6,17.9,28.6,0,4,1.7,28,60.6,1006.7,1016.6,11.1,18.83,0.3,24.7,2393,2521,2392,"2,592"
2019-09-30,22.4,16.4,29.9,0,3.4,1.6,29,61,1006.8,1016.7,10.5,18.37,0,24.3,2592,2393,2521,"2,631"
2019-10-01,23.1,17.6,28.2,0,4.4,1.8,46,67.1,1007.9,1017.8,7.5,13.05,6.8,24.5,2631,2592,2393,"2,569"
2019-10-02,21.6,20,24.2,23.1,5.5,3,66,88,1001.7,1011.5,0,3.4,9.9,22.2,2569,2631,2592,"2,493"
2019-10-03,22.4,19.8,27.3,4.6,4.9,2.8,45,73.4,996.4,1006.2,6,10.14,6.3,22.6,2493,2569,2631,"2,445"
2019-10-04,22.4,18,27.8,0,3.9,2.1,50,71.5,1002.4,1012.3,9.9,16.23,3.6,22.9,2445,2493,2569,"2,503"
2019-10-05,18.7,14.7,21.9,0.6,4.6,2.9,59,72.6,1006.1,1016.1,2.3,8.24,7,20.8,2503,2445,2493,"3,150"
2019-10-06,18.1,13.2,22.7,0,4.8,2.9,38,53.4,1012.3,1022.4,9.4,16.17,6.1,19.1,3150,2503,2445,"2,136"
2019-10-07,14.8,13.3,17.9,25.4,3.6,1.8,58,92,1007.9,1018.1,0,1.49,9.5,16.7,2136,3150,2503,"2,471"
2019-10-08,14.7,10.6,19.8,0,6.2,2.6,26,58.8,1008.2,1018.4,10.3,16.78,2.6,16.7,2471,2136,3150,731
2019-10-09,13.6,7.7,20.4,0,3.8,1.7,23,48.3,1009.5,1019.7,10.6,17.42,1.9,14.1,731,2471,2136,847
2019-10-10,15.2,10.7,19.8,0,2.8,1.3,39,60.9,1006.3,1016.5,1.1,8.06,9,16,847,731,2471,861
2019-10-11,18.8,13,26.1,0,4.9,1.9,30,60,1005.2,1015.2,10.3,16.44,0.9,18.4,861,847,731,"1,111"
2019-10-12,17.9,13.3,23.3,0,6.7,3.5,34,49.3,1008,1018.1,10.5,17.37,0.6,18.2,1111,861,847,"1,872"
2019-10-13,17.2,12.1,23.8,0,4.1,1.9,32,52.6,1012.2,1022.4,10.6,16.52,2.1,17.8,1872,1111,861,"1,573"
2019-10-14,14.4,9.5,19.6,0,5.1,2.5,33,56.9,1014.8,1025.1,10.1,14.54,1.9,17.1,1573,1872,1111,"1,135"
2019-10-15,14.5,8.8,20.4,0,4.3,1.6,38,55.6,1017.6,1027.9,7.7,14.07,3,14.5,1135,1573,1872,609
2019-10-16,14.6,9,20.8,0,3.6,1.6,32,58.3,1016,1026.3,9.8,15.6,5.3,16.3,609,1135,1573,624
2019-10-17,15.4,11.2,21.6,0,3.5,1.7,31,56,1014.1,1024.3,7.4,12.02,4.8,17.2,624,609,1135,874
2019-10-18,17,12,22.7,0,4.3,2.4,43,58.3,1011.9,1022,8,12.08,7.1,17.4,874,624,609,707
2019-10-19,17,12.1,23.1,0,3.7,1.8,38,63.8,1010.4,1020.5,10.2,15.17,0.8,17.5,707,874,624,"1,244"
2019-10-20,16.5,12,22.9,0,3,1.3,38,70.3,1011.4,1021.6,9.3,14.67,0.6,18.1,1244,707,874,896
2019-10-21,17.1,10.9,24.6,0,2.4,1,28,61,1008.5,1018.6,9.6,14.4,2.1,15.9,896,1244,707,901
2019-10-22,18.1,13.3,24.4,0,3.3,1.6,35,56.1,1007.5,1017.6,9.1,13.66,4.4,18.3,901,896,1244,936
2019-10-23,17,14.3,20.7,0,4.4,2.4,42,57.3,1008.9,1019,0.7,8.08,8,17.3,936,901,896,"1,004"
2019-10-24,18.3,15.3,23.8,0,5.1,2.7,33,47.6,1009.1,1019.2,6.6,11.56,4.5,19.4,1004,936,901,"1,125"
2019-10-25,16.7,13.1,22,0,5.6,2.4,34,58,1007.4,1017.5,7.1,12.29,6.6,17.2,1125,1004,936,"1,276"
2019-10-26,10,6.6,14.9,0,5.2,2.5,39,60,1008.5,1018.9,8.7,13.08,2.3,12.6,1276,1125,1004,725
2019-10-27,11,4.7,17.4,0,4.2,1.6,34,59,1009.1,1019.4,9.8,14.45,0.9,12,725,1276,1125,181
2019-10-28,12.9,7.4,17.7,1.7,4.7,2.5,39,65.9,1005.3,1015.5,7.3,11.62,5.6,13,181,725,1276,266
2019-10-29,12.5,8.2,17.6,0.1,5.2,2.3,32,61,1005.5,1015.7,9,12.41,1.6,12.4,266,181,725,439
2019-10-30,11.2,5,17.7,0,3.8,1.6,37,60.3,1011.1,1021.5,9.6,14.08,0.3,11.2,439,266,181,206
2019-10-31,14.8,8.4,19.7,0,5.2,2.3,55,73.8,1010.1,1020.3,8,10.34,4.6,14.2,206,439,266,185
2020-05-04,20.2,14.8,25.3,0,4.6,2.7,44,63.9,998.1,1008,10.1,25.42,3.4,28.9,896,861,842,"1,304"
2020-05-05,16,13.1,19.3,0,5.3,1.9,54,67.9,1001.5,1011.6,3.3,9.41,5.4,17.1,1304,896,861,"1,090"
2020-05-06,19.4,11.1,27.6,0,4.4,2.1,19,50,1003.7,1013.7,12.8,28.51,1.8,26.5,1090,1304,896,902
2020-05-07,20.7,14.9,26.5,0,4.3,2.5,20,32.5,1007.1,1017.1,8.7,23.93,6.8,25.7,902,1090,1304,"1,367"
2020-05-08,19.9,14.3,27.3,2.3,4.5,2.4,11,32.8,1004.4,1014.4,7.5,23.26,7.4,27.3,1367,902,1090,"1,552"
2020-05-09,14.2,12.7,16.8,24.4,5.9,3.6,76,94.4,994.8,1004.9,0,3,10,15.1,1552,1367,902,831
2020-05-10,14.4,12.8,16.6,1.3,4.1,2.5,78,88.6,997,1007.1,0.4,6.77,9,15.7,831,1552,1367,785
2020-05-11,16.5,12.4,22,3.4,5.6,3,27,61,997.7,1007.8,7.2,22.98,8.1,20.2,785,831,1552,"1,176"
2020-05-12,14.3,10.5,18.9,0.7,5.4,2.9,47,69.4,995.1,1005.2,5,13.6,3.3,17.6,1176,785,831,"1,625"
2020-05-13,16.1,10.2,21.8,0,6.5,2.8,24,47.3,1005.1,1015.3,13,29.7,0.6,20.5,1625,1176,785,"1,328"
2020-05-14,19.3,12.4,25.4,0,4.3,2,20,35.4,1006,1016,6.6,20.64,8.3,21.8,1328,1625,1176,"1,656"
2020-05-15,16.1,14.1,20.2,12,5.3,3,34,81.4,998.8,1008.8,0,3.43,10,15.9,1656,1328,1625,"1,813"
2020-05-16,16.7,15,20.3,2.5,3.3,1.6,74,90.3,996.6,1006.7,0.6,7.6,9.5,18.3,1813,1656,1328,979
2020-05-17,19.1,14.6,24.9,0,4.3,1.7,58,80.1,995.3,1005.2,3.9,15.26,7.1,21.2,979,1813,1656,"1,434"
2020-05-18,19.1,13.2,26.8,29.8,7.2,2.4,46,79.4,988.4,998.2,3.2,14.07,8.5,21.6,1434,979,1813,"1,952"
2020-05-19,13,10.1,17.1,19,7.2,3.2,52,73.6,990.7,1000.8,3,15.29,7.6,16.1,1952,1434,979,"1,338"
2020-05-20,14.4,9.2,20.1,0,3,1.9,46,60.4,1001.7,1011.8,4.5,20.91,6,17.3,1338,1952,1434,"1,010"
2020-05-21,17.4,10.9,22.9,0,3.3,2.1,40,56.1,1004.4,1014.5,9.4,24.35,4.8,20.5,1010,1338,1952,"1,540"
2020-05-22,18.5,14.8,22.7,0,4.9,1.9,55,68.5,1002.7,1012.7,0.7,13.07,8.6,20,1540,1010,1338,"1,890"
2020-05-23,20.1,16.6,25,0,4.7,2.2,44,66.1,1001.1,1011,6.8,23.24,7.4,23.3,1890,1540,1010,"1,976"
2020-05-24,17.1,14.3,20.2,14.5,6.5,2.9,70,84.8,999.6,1009.6,1.1,10.59,8.4,19,1976,1890,1540,"2,141"
2020-05-25,16.6,13.7,21.3,0,3.8,2.1,62,81,1002.3,1012.3,2.5,16.88,8.1,20.3,2141,1976,1890,"1,874"
2020-05-26,16.2,12.7,22.9,1.5,5.4,2.1,47,81.9,999.4,1009.5,4.8,18.49,7.8,19.2,1874,2141,1976,"2,200"
2020-05-27,17.4,11.8,23.9,0,5.9,2.6,31,68.5,999.3,1009.3,13.2,30.06,1.5,21.4,2200,1874,2141,"2,126"
2020-05-28,18.7,14.2,23.4,0,3.9,1.9,38,62.8,999.6,1009.6,8.4,22.83,3.9,20.5,2126,2200,1874,"2,571"
2020-05-29,20.7,14.6,27.6,0,4.1,2,38,65.6,1004.9,1014.8,12.7,28.09,1.3,24.3,2571,2126,2200,"3,024"
2020-05-30,22.6,16.5,30,0,4.3,1.9,29,57.3,1006.1,1016,11.3,26.5,1.1,27.6,3024,2571,2126,"3,183"
2020-05-31,21.2,17.6,28,1,5.7,2.3,39,63,1001.4,1011.3,5,19.15,8.5,25.7,3183,3024,2571,"3,038"
2020-09-01,26.6,23.8,29.5,0,3.6,1.9,62,72.4,999.4,1009.1,1,11.35,8.8,27,2930,2784,2869,"3,036"
2020-09-02,24.3,22.6,26.4,33.3,4,2.3,79,91.3,993.7,1003.4,0,3.34,9.6,25.3,3036,2930,2784,"3,515"
2020-09-03,22.7,20,25.6,29.8,9.8,4.8,63,82,987.3,997,2.8,13.51,7.4,24,3515,3036,2930,"2,903"
2020-09-04,23.3,19.9,27.5,0,5.6,2.7,39,63.9,1002.2,1012,10.1,21.21,1.6,23.7,2903,3515,3036,"3,628"
2020-09-05,23.3,19.2,27.3,0,3.5,2,53,66.6,1003.5,1013.4,3.3,14.49,8,23.4,3628,2903,3515,"3,703"
2020-09-06,21.7,19.5,24.4,6.4,4.8,2.7,62,80,999.3,1009.1,0,7.13,9.4,22.7,3703,3628,2903,"3,600"
2020-09-07,19.2,17.5,20.6,61,7.9,4.2,84,93.5,983.1,992.8,0,3.37,10,20.1,3600,3703,3628,"2,471"
2020-09-08,23.4,20.6,26.5,0,7,4.2,50,71.5,998.7,1008.5,9.5,21.87,5.4,23.1,2471,3600,3703,"2,678"
2020-09-09,21.1,19,25.3,1.3,7.6,2.1,65,83.4,999.9,1009.7,3.1,12.29,7.6,22.2,2678,2471,3600,"3,532"
2020-09-10,22.8,18.8,27,3.9,4.2,2,49,75.8,999.1,1009,9,19.17,6.3,24.4,3532,2678,2471,"2,160"
2020-09-11,22.4,19.2,27.1,1.2,4.9,2.8,47,72.6,1004.5,1014.4,4.5,12.87,7.6,22.7,2160,3532,2678,"2,864"
2020-09-13,21.5,16.7,26.6,0,3.5,1.9,52,70.4,1005.7,1015.6,9.8,20.53,2.8,24.1,3002,2864,2160,"2,611"
2020-09-14,21.3,17.6,24.9,0,4.3,1.8,62,79.3,1004.4,1014.3,5.7,13.86,4.6,22.8,2611,3002,2864,"3,176"
2020-09-15,23,18.9,27.7,0,3.3,1.6,50,76.4,1002.6,1012.4,5.1,16.56,7.5,23.9,3176,2611,3002,"3,269"
2020-09-16,22.5,21.3,24.9,0.3,3.4,1.9,70,79.9,999.6,1009.4,0.3,6.21,9.4,22.2,3269,3176,2611,"3,946"
2020-09-17,21.3,20.1,23.6,0,3.7,2.1,47,70.3,1000.2,1010.1,0.7,9.35,8.4,21.5,3946,3269,3176,"3,544"
2020-09-18,21.5,18.1,25.8,0,6,2.8,35,62,1002.7,1012.6,9.8,21.24,3.1,22.4,3544,3946,3269,"4,127"
2020-09-19,21.2,17.6,26.2,0.3,5.3,2.2,27,59.3,1004.9,1014.8,9.7,21.25,1.5,21.8,4127,3544,3946,"3,715"
2020-09-20,19.7,15.6,24.9,0,4.9,2,33,57.6,1007,1016.9,11.4,22.19,0,21.2,3715,4127,3544,"3,815"
2020-09-21,19.1,13.6,25.3,0,2.9,1.7,33,56.1,1008.1,1018.1,9.6,19.54,4.5,20.6,3815,3715,4127,"2,983"
2020-09-22,20.2,15.5,25.6,0,4.6,2.8,35,55.3,1008.7,1018.6,10.7,21.71,3.1,21.8,2983,3815,3715,"2,507"
2020-09-23,19.2,15.2,23.8,0,5.3,3.3,50,59.9,1008.2,1018.2,7.2,16.99,7.6,20.8,2507,2983,3815,"3,142"
2020-09-24,20.6,16.8,25.4,0,5.7,3.7,49,59.6,1005.3,1015.2,8,18.54,6.6,22,3142,2507,2983,"3,189"
2020-09-25,20.1,16.6,25.4,0,4.9,2.5,49,64.1,1003.7,1013.6,3.5,13.39,4.9,21.5,3189,3142,2507,"3,366"
2020-09-26,19.3,14.8,24.8,0,6.2,2.4,45,62.5,1006.7,1016.7,8,15.92,4,20.4,3366,3189,3142,"3,048"
2020-09-27,20.4,14.9,25.8,0,3.9,2,43,63.3,1008.5,1018.4,9.8,18.7,1.1,21.4,3048,3366,3189,"3,088"
2020-09-28,20.7,15.7,26.5,0,3.6,2,40,66,1006.5,1016.4,10.5,19.29,1.1,22,3088,3048,3366,"2,884"
2020-09-29,19.6,15.3,23.9,0,4.3,1.9,43,67.6,1001.6,1011.6,6.3,14.84,6.8,20.7,2884,3088,3048,"2,921"
2020-09-30,19.6,16.2,25.7,38.3,4.1,1.7,48,78,1000.6,1010.6,4.9,14,7.1,21.1,2921,2884,3088,"2,747"
2020-10-01,18.8,15.6,23.6,0,4.7,2.1,58,74.9,1003.4,1013.3,2.5,10.89,5.5,19.6,2747,2921,2884,"2,381"
2020-10-02,19.2,16.3,21.9,0,5.2,2.3,63,79.6,1004.6,1014.6,1.9,6.34,9.1,18.5,2381,2747,2921,"2,972"
2020-10-03,19.9,18.3,23.2,0,3.6,1.6,46,72.5,1004.9,1014.8,1.8,9.79,8,19.8,2972,2381,2747,"2,479"
2020-10-04,16.6,10.6,21.8,0,7.2,2.8,42,65.1,1002.7,1012.7,4.3,12.36,7.1,17.8,2479,2972,2381,"3,240"
2020-10-05,13.3,8.5,18.4,0,5.1,2.5,40,57.3,1007.9,1018.2,10.5,19.44,2.3,14.5,3240,2479,2972,"2,031"
2020-10-06,14.2,9.3,19.7,0,4.1,2,34,55.9,1012.2,1022.5,10.8,19.81,2.5,14.6,2031,3240,2479,"1,507"
2020-10-07,16,9.9,22,0,3.4,1.9,24,48.9,1015.8,1026,8.9,16.99,3.8,14.9,1507,2031,3240,"1,668"
2020-10-08,17.2,12.1,23.1,0,5.4,3.1,35,53,1016.7,1026.9,10.8,19.27,0.1,15.9,1668,1507,2031,"1,766"
2020-10-09,17.2,12.4,23.3,0,5.2,3,42,53.4,1013.2,1023.4,10.6,18.55,4.6,16.6,1766,1668,1507,"2,326"
2020-10-10,16.9,12.3,21.5,0,3.8,2,41,60.1,1009.7,1019.8,7.6,15.28,5.3,16.6,2326,1766,1668,"2,573"
2020-10-11,16.9,12.7,20.8,0,4.1,1.8,52,68.5,1006.1,1016.2,4.9,11.45,5.8,16.1,2573,2326,1766,"2,291"
2020-10-12,16.2,12.1,21.3,0,4.6,2.2,48,68.6,1005.2,1015.3,7.5,13.59,2.6,16.8,2291,2573,2326,"1,526"
2020-10-13,13.6,8.6,18.4,0,4.7,2.2,30,52.3,1010.7,1021,7.1,14.16,3.5,14.2,1526,2291,2573,"1,834"
2020-10-14,12.8,8.5,18,0,5.8,2.4,20,47,1014.6,1025,5.8,12.19,6.6,14.3,1834,1526,2291,"1,043"
2020-10-15,11.7,6.5,18.5,0,3.7,1.5,27,41.8,1015.8,1026.2,7.2,14.48,6.6,13.1,1043,1834,1526,722
2020-10-16,11.8,8.6,15.4,0,2.5,1.5,48,64.3,1013.7,1024.1,0,5.28,7.6,12.5,722,1043,1834,729
2020-10-17,13.1,8.7,18.6,0,4.3,1.8,26,64.3,1013,1023.4,10.1,17.65,1,13.1,729,722,1043,651
2020-10-18,13.6,7.2,20.2,0,3.9,2,40,65.5,1013.6,1023.9,9.7,15.96,0.5,12.9,651,729,722,723
2020-10-19,15.1,9.8,21.3,0,3.4,1.7,38,74.4,1014.7,1025,9.8,15.27,0,14.3,723,651,729,990
2020-10-20,15.2,9.9,21.7,0,3.1,1.6,38,67.1,1015.4,1025.7,10,15.67,0.4,14.5,990,723,651,949
2020-10-21,14.1,11.8,17.3,0,3.8,1.9,58,69.4,1008.6,1018.9,0.1,4.72,7.3,13.7,949,990,723,"1,089"
2020-10-22,13.5,8.4,18.2,0,5.7,2.8,40,66,1003.5,1013.7,5.4,11.01,4.6,15.2,1089,949,990,982
2020-10-23,8.6,5.4,13.3,0,5.5,3,34,51.5,1004.9,1015.3,9.9,17.01,0,10.7,982,1089,949,519
2020-10-24,8.7,3.2,14,0,5.9,2.5,27,47.6,1008.7,1019.1,9.9,16.65,0,9.4,519,982,1089,270
2020-10-25,11.8,5.4,18.2,0,3.8,1.7,29,62.5,1009.9,1020.2,8.8,13.83,2.8,10.9,270,519,982,358
2020-10-26,12.9,8,19,0,4.4,1.6,42,71.6,1009.8,1020.1,9.2,13.69,1.6,11.9,358,270,519,536
2020-10-27,14,9,19.4,0,3.4,1.8,39,74.1,1010.9,1021.2,8.3,12.23,1.1,13.2,536,358,270,535
2020-10-28,13.8,8.6,18.2,0,4.8,2.5,23,52.1,1012.6,1022.8,9.2,15.27,3.8,13.8,535,536,358,884
2020-10-29,10.8,5.5,16.1,0,4.5,2,24,40.3,1013.7,1024.1,9,13.77,3.1,11.5,884,535,536,695
2020-10-30,11.9,5.8,19.6,0,3.2,1.5,22,42.9,1015.2,1025.5,9.7,14.62,0.4,11.2,695,884,535,543
2020-10-31,13.6,8.5,18.2,0,5,2.6,51,60.3,1013.9,1024.3,5.8,11.03,6.1,12.9,543,695,884,454
2021-05-04,13.8,11.4,15.8,19.6,4.8,2.1,53,82.6,999.3,1009.5,0,3.68,9.6,13.5,608,151,388,869
2021-05-05,13.9,10.3,18.4,0.1,6.7,3.5,29,64.4,1002.3,1012.5,11.5,28.34,2.6,17.6,869,608,151,448
2021-05-06,15.7,7.9,23.1,0,6.5,2.4,27,46.4,1005.1,1015.3,10.6,23.81,4.8,16.8,448,869,608,717
2021-05-07,14.4,10.7,17.2,8.8,6.7,3.4,38,60.3,996,1006.1,5.9,17.12,3.1,15.5,717,448,869,"1,041"
2021-05-08,14.3,8.9,21,0,8.4,3.4,36,66.1,994.4,1004.4,8.9,23.01,1.1,16.9,1041,717,448,679
2021-05-09,15.7,10,21.8,0,7.9,3.5,25,51.3,999.3,1009.4,13,30.44,0.3,18.2,679,1041,717,"1,198"
2021-05-10,13.2,11.7,14.6,0,4,1.8,59,67.9,1003.2,1013.4,0,4.69,8.6,13.5,1198,679,1041,"1,308"
2021-05-11,18.5,9.4,25.7,0,5,2.7,28,48.9,1003.1,1013.1,13.2,27.17,6,18.7,1308,1198,679,787
2021-05-12,22,16.9,27.7,0,3.7,2.2,26,39.5,1001.9,1011.8,11,26.51,4.5,21.7,787,1308,1198,"1,042"
2021-05-13,22.9,16.6,29.6,0,4.2,1.9,36,54.4,1001.1,1011,12.8,27.3,0,24.6,1042,787,1308,"1,449"
2021-05-14,24.1,18,30.8,0,4.3,1.7,35,60.3,1000.7,1010.5,10.8,24.38,7.1,25.2,1449,1042,787,"1,477"
2021-05-15,22.1,20.8,26.2,15,3.6,1.7,56,79.5,996.4,1006.2,0.5,9.42,9.8,22.9,1477,1449,1042,"1,496"
2021-05-16,18.4,14.8,20.8,66.9,4.4,2.5,94,97.6,991.1,1001,0,3.05,10,19.6,1496,1477,1449,"1,094"
2021-05-17,15.3,14.2,16.7,3.1,3.1,1.6,86,93,997,1007,0,5.21,9,17.4,1094,1496,1477,"1,021"
2021-05-18,17.9,13.6,24.5,0,4.5,1.7,45,70.5,1000.5,1010.5,8.4,24.12,4.4,20.2,1021,1094,1496,"1,052"
2021-05-19,19.9,12.4,26.6,0,4.4,1.8,31,52.3,1001.8,1011.7,13.2,29.93,2.6,22.3,1052,1021,1094,"1,369"
2021-05-20,18.7,15.6,22.9,0.9,6.2,2.5,42,59.8,995.2,1005.1,0,6.8,9.9,17.9,1369,1052,1021,"1,725"
2021-05-21,16,14.2,18.2,6.9,4.2,1.7,73,86.5,995.9,1005.9,0.9,7.35,9.5,17.4,1725,1369,1052,"1,423"
2021-05-22,18.6,13.8,23.8,0.2,6.2,2.5,43,69.3,1000.8,1010.7,12.7,28.69,1.5,21.8,1423,1725,1369,"1,341"
2021-05-23,19.5,14.3,25.1,0,4.8,1.7,46,64.4,1000.8,1010.8,6,19.28,6.9,21,1341,1423,1725,"1,942"
2021-05-24,19.4,16.4,24.5,0,5.6,2.7,28,61,997.9,1007.8,9.1,26.9,3.3,22.8,1942,1341,1423,"2,248"
2021-05-25,15.3,11.9,19.3,8.3,7.4,3.2,37,72.3,997,1007,6.4,19.29,5.3,17.9,2248,1942,1341,"1,949"
2021-05-26,18,11.5,23,0,6.5,2.9,31,58.5,997.4,1007.3,5.3,17.95,7.6,18.8,1949,2248,1942,"1,692"
2021-05-27,15.8,13.9,18.7,8.9,5.2,2.8,52,83,991.6,1001.6,0.5,5.08,6.5,16.4,1692,1949,2248,"2,532"
2021-05-28,15.3,12.4,19.7,12.3,5,2.6,66,86,990.6,1000.6,1.9,11.26,8.6,17.4,2532,1692,1949,"1,939"
2021-05-29,15.4,12.8,19.1,0.3,3.7,2.2,59,79.8,996.7,1006.7,3.9,10.45,5.1,18.1,1939,2532,1692,"2,337"
2021-05-30,18.4,10.8,26.3,18.1,7.6,2.1,37,73,998.9,1008.9,11.6,29.45,3.9,21.9,2337,1939,2532,"1,883"
2021-05-31,19.9,16.5,23.8,4,3.5,1.8,63,78.9,1001.1,1011,2,12.52,7.4,21.1,1883,2337,1939,"2,586"
2021-09-01,21.4,18.5,23.9,0.8,4.7,2.9,71,83.1,999.7,1009.5,0,7.24,9.3,22.4,3821,3546,3179,"2,466"
2021-09-02,23.5,20.7,26.7,0,3.4,2.1,56,70.3,999.9,1009.7,1.4,13.24,8.3,24.4,2466,3821,3546,"3,117"
2021-09-03,24.3,20.6,29.2,0,4,2.4,38,60.3,999.8,1009.5,11.2,24.64,1.9,26.7,3117,2466,3821,"3,314"
2021-09-04,23.2,18.5,28.6,0,3.7,2.7,45,57,1005.3,1015.1,9.3,20.58,4.4,25.7,3314,3117,2466,"3,288"
2021-09-05,23.1,19.4,27.3,0,4.9,3.2,51,61.1,1008.4,1018.2,4.6,15.83,5.8,23.8,3288,3314,3117,"2,693"
2021-09-06,22.3,18,26.4,12,5.5,3.2,51,70.1,1006.1,1016,2.4,12.02,8.9,23.2,2693,3288,3314,"2,721"
2021-09-07,19.6,17.6,20.9,29.6,4.4,2.3,94,98.1,997.9,1007.8,0,1.8,10,20.4,2721,2693,3288,"2,054"
2021-09-08,22.2,19,26.9,1.6,4.2,1.7,58,81.3,1000.5,1010.3,7.1,18.18,4.5,23.7,2054,2721,2693,"1,892"
2021-09-09,23.5,19.1,29.1,0,3,1.5,47,76.5,1003.6,1013.4,8,18.9,6.5,25.5,1892,2054,2721,"2,807"
2021-09-10,23.6,19.5,28.9,0,4.3,1.9,49,76,1003.2,1013,6.4,16.96,3.9,25.6,2807,1892,2054,"2,968"
2021-09-11,24,19.9,29.4,0,5.6,1.7,49,73.1,1002.7,1012.5,8.7,19.54,2,25.8,2968,2807,1892,"3,221"
2021-09-12,24.2,19.2,29.8,0,4.4,1.8,41,64.6,1003.2,1013,10.2,22.15,1.9,26.4,3221,2968,2807,"3,247"
2021-09-13,24.8,20.8,30.3,0,3.9,2.4,49,67.1,1006.4,1016.2,6.1,17.61,6.9,26.9,3247,3221,2968,"3,258"
2021-09-14,24.6,20,29.5,0,5.6,2.6,41,63.3,1005.4,1015.2,10.3,21.88,2.4,27.8,3258,3247,3221,"3,268"
2021-09-15,23.6,19.5,28.9,0,5.9,3.6,44,57.5,1006.2,1016,11.4,22.62,0.6,27,3268,3258,3247,"3,453"
2021-09-16,22.9,18,27.3,0,4.6,2.6,46,61.1,1002.8,1012.6,9.1,20.18,5.1,26.6,3453,3268,3258,"3,165"
2021-09-17,23.5,20.5,28.2,0,5.8,3,45,61.4,999.7,1009.5,6.6,18.05,3.8,27.6,3165,3453,3268,"3,197"
2021-09-18,23.9,18.9,29.8,0,4,1.6,44,65.1,1004.4,1014.2,8.8,19.77,2.3,29.4,3197,3165,3453,"3,422"
2021-09-19,23.7,20.8,27.8,0,3,1.9,49,62.9,1005.6,1015.4,2.8,13.97,6.3,26.8,3422,3197,3165,"3,471"
2021-09-20,23.7,19,28.4,0,6.2,2.7,48,63.6,1000.8,1010.5,10.3,19.86,5.9,29,3471,3422,3197,"3,974"
2021-09-21,22,17.4,26.2,68.1,7.1,2.9,59,85.1,995.1,1004.9,4.3,11.84,8,23.9,3974,3471,3422,"3,267"
2021-09-22,20.2,16.8,24.3,4.5,6.2,2.7,56,79,998.5,1008.4,6.5,14.89,4.1,22,3267,3974,3471,"2,765"
2021-09-23,20.9,16.9,25.9,0,6.5,2.4,48,67.3,1006.6,1016.6,8,18.01,3.4,22.7,2765,3267,3974,"3,152"
2021-09-24,21.8,16.7,26.9,0,3.8,2.2,46,67.5,1012.3,1022.3,9.9,18.34,1.5,23.1,3152,2765,3267,"3,309"
2021-09-25,21.2,18.7,23.1,0,3.5,2.3,66,72.6,1013.1,1023.1,0,7.2,8.6,21.1,3309,3152,2765,"3,292"
2021-09-26,22.6,18.4,27.3,0,3.6,2.3,50,63,1010.4,1020.3,8.3,18.13,6.8,23.9,3292,3309,3152,"3,168"
2021-09-27,21.6,18.7,25,0,3.7,2.4,52,66,1005.8,1015.7,2.2,11.36,8.3,21.6,3168,3292,3309,"3,397"
2021-09-28,21.5,19.6,24.4,1.3,3.7,2.2,54,75.1,1002.6,1012.5,0.7,9.29,9.8,22.5,3397,3168,3292,"2,780"
2021-09-29,20.2,17.8,21.4,13.1,4.4,1.7,87,93.5,997.9,1007.8,0,2.85,7.6,21.1,2780,3397,3168,"2,681"
2021-09-30,20.3,16,25.9,0,3.3,1.5,62,83.9,999.2,1009.1,7.4,17.2,2,22.2,2681,2780,3397,"1,735"
2021-10-01,21.1,16.9,27.5,13.3,10.6,2.4,42,75.8,998.8,1008.6,9.3,18.42,2.9,22.9,1735,2681,2780,"2,406"
2021-10-02,20.7,16.4,26.6,0,3.3,1.6,50,77.1,1003.6,1013.5,8.1,16.92,4,23.2,2406,1735,2681,"2,483"
2021-10-03,22.3,17.1,28.8,0,4.5,1.9,40,69.5,1008.4,1018.3,8.4,17.47,2,22.9,2483,2406,1735,"2,552"
2021-10-04,22.9,19.2,25.6,3.6,6.1,2.9,71,81,1009.2,1019.1,0,2.97,9.5,21.7,2552,2483,2406,"3,055"
2021-10-05,23.6,21.7,26.5,0,6.2,3.3,65,82.4,1010.1,1020,1.5,8.11,8.1,23.2,3055,2552,2483,"2,476"
2021-10-06,18.8,17.9,21.7,6.4,4.3,2.8,83,91.5,1009.5,1019.5,1.2,3.26,9,20.2,2476,3055,2552,"2,673"
2021-10-07,19.4,17.9,21.9,4.6,4,1.9,74,85.5,1006.7,1016.7,0,4.86,9.4,20.6,2673,2476,3055,"2,698"
2021-10-08,18.8,17.5,20,3.5,2.9,1.7,85,91.3,1010.9,1020.9,0,2.8,9.5,19.8,2698,2673,2476,"2,906"
2021-10-09,20.9,18.5,24.1,0.4,3.7,2.3,72,83.5,1011.8,1021.8,1.9,7.05,6.8,20.5,2906,2698,2673,"2,317"
2021-10-10,19.9,14.9,24.3,14.2,4.7,2.2,80,89,1007.9,1017.9,0,3.12,9.8,20.6,2317,2906,2698,"2,580"
2021-10-11,15.2,12.6,17.8,0.3,6,2.2,67,78.6,1011.4,1021.6,1.7,8.47,8.3,18,2580,2317,2906,"2,368"
2021-10-12,17.9,15.8,21.3,0,5.9,3.3,53,67.1,1014.8,1024.9,3,11.55,6.9,18.2,2368,2580,2317,"2,341"
2021-10-13,19.6,14.9,25.2,0,4.1,2.4,52,66.6,1013.5,1023.6,9,17.28,2.1,19.3,2341,2368,2580,"2,322"
2021-10-14,19.7,17.4,23.9,0,4.2,2,54,73.6,1009.2,1019.2,6.1,12.85,5.8,20.9,2322,2341,2368,"2,309"
2021-10-15,19,17,21.4,0,3.8,2.1,58,74.4,1008.2,1018.2,0.7,7.21,9.6,20.1,2309,2322,2341,"2,308"
2021-10-16,10.7,4.2,18.1,0,5.7,3.4,31,47.5,1013,1023.4,1.5,8.78,6.1,13.8,2308,2309,2322,"2,088"
2021-10-17,5.6,1.3,10.8,0,7.1,2.9,25,37.4,1017.7,1028.4,10.3,18.7,0,10.5,2088,2308,2309,"1,210"
2021-10-18,9.6,2.8,16.1,5.6,3.6,2,36,60.4,1012.9,1023.4,4.3,12.08,6.6,11.7,1210,2088,2308,920
2021-10-19,10.9,7.1,15,4.4,5.4,2.4,47,72.8,1009.3,1019.7,6.5,13.34,4,13.9,920,1210,2088,351
2021-10-20,9.5,4.6,15.8,0,3.7,1.7,35,64.9,1011,1021.5,10,16.7,0.3,12.7,351,920,1210,315
2021-10-21,9.8,4.9,16.2,0,3.6,1.7,40,64.1,1009.7,1020.1,4,5.13,3.3,12.2,315,351,920,341
2021-10-22,10.8,5.2,17.2,0,4.9,1.8,33,58.4,1012.2,1022.6,10,16.45,0.8,12.5,341,315,351,342
2021-10-23,11.4,5.7,18.4,0,3.4,1.6,30,57.3,1017.7,1028.1,9.6,16.25,0.3,12.5,342,341,315,437
2021-10-24,11.4,6,18.1,0,3.2,1.7,38,63.1,1015.9,1026.3,9.9,15.97,0.3,12.4,437,342,341,419
2021-10-25,11.7,6.3,17.6,0,3.5,1.9,35,64.5,1012.7,1023.1,7,11.74,0.8,12.7,419,437,342,444
2021-10-26,13,7.7,19,0,3,1.7,48,74.5,1009.9,1020.2,8.6,13.08,3.6,12.9,444,419,437,400
2021-10-27,13.4,9.8,18.1,0,4,2.2,32,63.4,1009.2,1019.5,8.2,14.72,2.5,13.9,400,444,419,669
2021-10-28,12.7,7.1,20,0,3.7,1.4,31,54.6,1013.1,1023.4,9.7,15.58,0,12.7,669,400,444,691
2021-10-29,14.6,10.5,20.6,0,3.7,2,36,55.9,1014.5,1024.8,8.7,14.16,4.6,13.9,691,669,400,765
2021-10-30,13.8,11,18,0,3.1,1.6,48,62.4,1013.5,1023.8,1.6,6.35,6.1,12.9,765,691,669,829
2021-10-31,14.1,9.2,20.3,0.7,3.9,1.6,46,73.3,1013.4,1023.7,7.6,12.25,3.8,14,829,765,691,745
2022-05-04,17.8,10,25.2,0,5.7,2.7,31,43.3,1008.5,1018.6,12.6,27.22,0,23.3,945,721,568,904
2022-05-05,18.9,12.5,25.8,0,4.8,2.2,30,48.1,1008.3,1018.4,12.7,29.35,0.5,26.5,904,945,721,"1,057"
2022-05-06,19.6,13.7,25.6,0,5.1,2.5,40,67.1,1006.1,1016.1,10.3,25.6,5.3,25.6,1057,904,945,"1,033"
2022-05-07,18.4,15.3,23.1,0.5,5.9,3,18,52.4,1006.6,1016.7,6.8,22.57,8.6,23.2,1033,1057,904,"1,067"
2022-05-08,15.3,11.7,18.2,2,5.2,2.8,35,51.8,1008.7,1018.9,0,6.2,9.1,16.2,1067,1033,1057,"1,556"
2022-05-09,17.9,11,25.3,0,4.5,2.2,30,56.4,1007.8,1017.9,12.8,29.25,3.1,23.6,1556,1067,1033,710
2022-05-10,19.9,13.6,26.3,0,4.6,2.2,16,39,1005.7,1015.7,9.5,27.82,7.3,26.7,710,1556,1067,"1,508"
2022-05-11,19.7,16.6,25.2,0,4.4,2.4,35,50.4,1004.7,1014.6,9.8,25.73,6.9,28.2,1508,710,1556,"1,365"
2022-05-12,20.9,14.1,28.1,0,4.8,1.9,32,51.5,1000.7,1010.6,11.4,27.45,3.9,28.5,1365,1508,710,"1,536"
2022-05-13,19.4,15,25.2,0,6.1,2.2,28,45.8,997.5,1007.4,4.8,19.95,5.9,24.2,1536,1365,1508,"1,703"
2022-05-14,15.7,11.9,20,0,6.3,3.3,29,45.5,1001.8,1011.9,10.8,22.58,4.4,22,1703,1536,1365,"1,570"
2022-05-15,16.2,10.5,22.4,0,6.4,3.2,24,39.8,1003.6,1013.7,12.9,30.01,2,24.7,1570,1703,1536,"1,399"
2022-05-16,17.3,10.9,23.7,0,5.9,2.8,36,56.3,1001,1011.1,13.1,28.89,0.5,25.5,1399,1570,1703,"1,411"
2022-05-17,20,13,27.4,0,5.1,2.4,36,60.1,1002.6,1012.5,12.8,27.56,0.3,27.5,1411,1399,1570,"1,614"
2022-05-18,20,15.7,25.4,1.5,6,2.9,39,59.4,1005.5,1015.4,6.4,15.71,4.3,19.6,1614,1411,1399,"1,608"
2022-05-19,19.9,16.1,24.2,0,5.4,3,43,53.6,1006,1016,7.8,20.97,4.9,24.5,1608,1614,1411,"1,588"
2022-05-20,20.6,15.6,25.8,0,5.1,2.3,28,52.8,1003.2,1013.1,10.8,25.74,5,26.6,1588,1608,1614,"1,696"
2022-05-21,20.1,16.1,26,0,5.1,2.5,48,70.8,999.1,1009,9.3,24.88,3.6,27.1,1696,1588,1608,"1,655"
2022-05-22,20.3,15.7,25.8,0,4.6,2.5,52,70.9,997.6,1007.5,9,24.3,3.8,27.6,1655,1696,1588,"1,576"
2022-05-23,23,17.8,30.7,0,4.3,2.3,39,63.5,1001.7,1011.5,10.4,26.01,3,30.2,1576,1655,1696,"1,923"
2022-05-24,22.9,16.7,30.2,0,4.6,2.1,29,56.8,1003.7,1013.5,12.3,28.86,3.4,30.8,1923,1576,1655,"2,288"
2022-05-25,21,16.7,26.7,3.5,5,2.6,36,66.6,998.4,1008.3,8.1,22.59,6.5,28.7,2288,1923,1576,"2,602"
2022-05-26,18.7,14.1,23.5,0,7.6,3.7,29,59.9,993.9,1003.8,11.6,28.88,4.5,24.7,2602,2288,1923,"1,958"
2022-05-27,20,16,25.6,0,6.3,3.3,47,62.5,991.1,1000.9,11.8,28.71,2.4,29.1,1958,2602,2288,"2,369"
2022-05-28,22.3,15,29.3,0,6.8,2.8,29,54.1,995.1,1004.8,12.4,27.49,2.1,27.2,2369,1958,2602,"2,743"
2022-05-29,23.1,19.3,29.7,0,5,2.3,39,66.4,995,1004.7,7,21.5,6,27,2743,2369,1958,"2,412"
2022-05-30,20.8,17.2,24.7,0,4.8,2.5,55,71,992.5,1002.3,0.2,9.8,7.9,23.4,2412,2743,2369,"2,672"
2022-05-31,20.7,14.2,27.2,0,6.6,2.5,19,42.4,997.5,1007.4,12,27.48,1.4,28.1,2672,2412,2743,"2,703"
2022-09-01,24,18.3,30.4,0,4.3,1.7,42,70.8,1003.3,1013.1,12.1,25.02,1,26.7,1346,1914,2614,"2,127"
2022-09-02,24.7,20.3,29.8,0,5.3,3.1,47,61.8,1005.8,1015.6,11.6,24.51,2.4,26.9,2127,1346,1914,"2,557"
2022-09-03,24.2,20.5,29.2,0,5.3,3.4,54,63,1004.2,1014,4.5,16.39,6.6,26.6,2557,2127,1346,"2,454"
2022-09-04,22.3,19.8,24,33.8,4.9,3.1,65,88.6,999.1,1008.9,0,3.54,9.6,22.4,2454,2557,2127,"2,375"
2022-09-05,19.2,17.7,22.7,120,6.9,3.2,92,95.9,997.1,1007,0,1.61,10,19.8,2375,2454,2557,"1,699"
2022-09-06,21,17,26.3,25.3,7.1,3.6,41,78,995.3,1005.1,8.4,20.76,3.9,21.2,1699,2375,2454,868
2022-09-07,22.8,17.9,28.1,0,4,1.9,32,65.3,1006.8,1016.7,11.9,24.4,0.1,25.3,868,1699,2375,"2,210"
2022-09-08,23.2,16.7,29.5,0,3.7,1.6,39,65.5,1007.7,1017.6,11.8,23.96,2.1,25.9,2210,868,1699,"2,359"
2022-09-09,24.3,18.9,30.8,0,3.8,2,30,59.1,1007.2,1017,11.1,23.91,4.1,27,2359,2210,868,"2,138"
2022-09-10,23.6,19,28.4,0,4.2,2.6,37,52.3,1007.2,1017,6.5,18.76,7.9,24.1,2138,2359,2210,"2,677"
2022-09-11,23.3,20.6,26.4,0.1,3.6,2.1,52,68.6,1004.8,1014.6,1.8,10.27,8.9,24.8,2677,2138,2359,"2,366"
2022-09-12,23.8,20.3,27.5,0,3.2,1.6,60,76.1,1004,1013.8,3.5,13.15,8.1,25.2,2366,2677,2138,"1,739"
2022-09-13,24.3,21.8,26.4,0,4.3,2.5,64,73,1005.7,1015.6,0.1,7.38,9.6,24,1739,2366,2677,"2,235"
2022-09-14,24.6,22.7,27.9,0,8,4.6,45,56.9,1005.7,1015.5,1.1,10.09,8.8,24.4,2235,1739,2366,"2,445"
2022-09-15,25.2,22,28.3,0.1,5.2,3.6,56,66.9,1001,1010.7,3.4,12.29,8.4,25.3,2445,2235,1739,"2,696"
2022-09-16,25.7,23.4,29.9,14.6,4.8,2.9,63,78.6,997.5,1007.2,1.8,10.4,9,25.9,2696,2445,2235,"2,508"
2022-09-17,25.6,23.3,29.4,4.3,3.3,1.4,65,83.1,998.1,1007.8,3.8,11.31,7.8,26.3,2508,2696,2445,"2,265"
2022-09-18,27.1,23,32.5,0,4.6,2,55,75.3,993.8,1003.4,5.7,15.9,6.5,27.8,2265,2508,2696,"2,524"
2022-09-19,24.6,19.5,29.6,0,6.6,3.3,48,63.1,992.3,1001.9,6.9,18.62,5.4,26.2,2524,2265,2508,"2,749"
2022-09-20,19.9,16.1,24.6,0,4.6,2.3,36,57,1003.3,1013.3,9.7,18.93,2.1,23.8,2749,2524,2265,"2,625"
2022-09-21,19.4,13,25.6,0,3.6,1.8,36,56.9,1006.7,1016.7,11,22.18,0.5,23.1,2625,2749,2524,"2,419"
2022-09-22,19.8,14.2,24.7,0,3.5,2,45,60.1,1004.9,1014.8,7.4,17.9,4,23.1,2419,2625,2749,"2,159"
2022-09-23,17.5,14.7,22.2,3.3,6.7,3.1,42,68.9,1002.7,1012.8,7.9,16.53,3,19.9,2159,2419,2625,"1,945"
2022-09-24,18.5,12.3,24.2,0,3.9,1.8,37,64.6,1006.6,1016.6,10.7,21.67,3.4,21.5,1945,2159,2419,"2,007"
2022-09-25,19.6,15.4,25.2,0,3.7,1.6,36,63.3,1006.1,1016,7.8,17.94,6.4,22.3,2007,1945,2159,"2,626"
2022-09-26,20,14.8,25.4,0,3.5,1.7,32,58.5,1006.6,1016.6,8.7,18.48,6.5,22.5,2626,2007,1945,"3,012"
2022-09-27,20.9,14,28,0,3.1,1.6,29,59,1005.4,1015.3,11.2,21.17,0.5,23.5,3012,2626,2007,"2,773"
2022-09-28,20.4,16.1,26.1,0,3,1.8,47,71,1003.5,1013.5,5,12.51,4.6,21.6,2773,3012,2626,"2,495"
2022-09-29,20.4,16.4,26.5,0,3.4,1.4,33,73.5,1004.5,1014.4,7.9,17.37,2.5,21.9,2495,2773,3012,"2,540"
2022-09-30,20.7,14.8,27.7,0,3.2,1.6,34,68,1005.9,1015.8,10.6,19.27,0.3,22.4,2540,2495,2773,"2,811"
2022-10-01,20.9,14.4,27.6,0,2.7,1.6,33,63.3,1007.4,1017.4,7.9,17.31,5.4,21.8,2811,2540,2495,"3,118"
2022-10-02,19.4,17.2,21.6,15.8,5.5,2.7,60,78.9,1005.8,1015.8,0,3.8,9.9,19.5,3118,2811,2540,"3,459"
2022-10-03,21.4,17.5,23.4,76,6.5,2.7,94,98.5,1001.2,1011.1,0,1.06,10,20.6,3459,3118,2811,"2,629"
2022-10-04,17.9,14.2,23,11.8,5.7,2.9,67,83.8,1002.6,1012.6,0.4,6.5,9.8,19.7,2629,3459,3118,"2,679"
2022-10-05,16.6,14.1,21.6,0.1,3.8,2.1,48,74.8,1009.2,1019.3,4.9,15.62,7.5,19.1,2679,2629,3459,"1,916"
2022-10-06,15.8,12.7,19.1,0,3.4,2.1,63,76.6,1008.9,1019.1,1.6,7.74,8.9,17.4,1916,2679,2629,"1,800"
2022-10-07,14.3,11,18.6,0,4.7,2.5,48,69.5,1009.9,1020.2,7.6,15.08,3.4,16.8,1800,1916,2679,"1,339"
2022-10-08,15.8,11.1,21.6,0,4.2,2.5,42,64.6,1013.4,1023.6,9.5,18.48,2.9,17.4,1339,1800,1916,"1,276"
2022-10-09,13.1,10.7,14.5,20.4,6.1,2.1,69,85.8,1007.3,1017.5,0,2.4,8.8,13.9,1276,1339,1800,"1,812"
2022-10-10,9.9,8.2,11.9,0,6.8,3.8,59,72.9,1003.4,1013.8,2.3,9.31,7.4,11.9,1812,1276,1339,418
2022-10-11,11.1,7.4,16.4,0,4.7,2.2,51,69.1,1011.3,1021.7,10.3,18.72,2.1,14,418,1812,1276,342
2022-10-12,13.5,6.5,20.6,0,3.3,1.8,42,68.1,1016.1,1026.4,10.6,18.13,0,14.8,342,418,1812,594
2022-10-13,16.3,10.7,22.7,0,3,1.5,43,69.6,1014.4,1024.6,10.4,17.98,2.5,16.8,594,342,418,846
2022-10-14,17.1,12.4,23,0,3.2,1.6,49,73.4,1009.8,1019.9,4.9,13.52,7.9,17.4,846,594,342,"1,149"
2022-10-15,18.2,12.6,24.4,0,4.3,1.4,38,68.5,1008.6,1018.7,8.2,16.21,5.8,18.8,1149,846,594,"1,686"
2022-10-16,16.9,15.1,20.5,0,4.3,1.7,64,73.9,1007.7,1017.8,0.6,6.15,8.8,16.1,1686,1149,846,"1,954"
2022-10-17,11.2,7.4,15.1,0,6.3,3.4,25,50.3,1009.4,1019.8,10.1,18.79,1.4,14.2,1954,1686,1149,"1,719"
2022-10-18,9.4,5,14.2,0,4.4,2.3,33,52.1,1012.4,1022.9,10.2,18.27,0,12,1719,1954,1686,417
2022-10-19,10.5,4.4,16.8,0,4.2,1.8,30,57.8,1015.5,1026,10.2,17.78,0,12.2,417,1719,1954,378
2022-10-20,12.9,6,19.7,0,3.1,1.8,31,64.4,1017,1027.4,10.1,17.2,2.1,14,378,417,1719,561
2022-10-21,14,8.8,20.9,0,3.6,1.7,31,68.8,1013.8,1024.1,8.8,15.16,4.9,14.7,561,378,417,"1,028"
2022-10-22,15.1,10.5,20.8,0,4,1.9,52,76.3,1010.4,1020.6,9.3,14.93,4.3,16.4,1028,561,378,957
2022-10-23,14,10.4,18.6,0,4.4,2.7,29,65,1008.6,1018.9,7.7,14.04,2.5,15.8,957,1028,561,"1,513"
2022-10-24,10.6,7.5,14.8,0,5.2,2.8,27,52.6,1011.3,1021.7,9.9,16.88,0.3,12.9,1513,957,1028,"1,253"
2022-10-25,11.3,5.9,17.6,0,4.1,2,37,56.5,1017.5,1028,9.9,16.37,0,12.7,1253,1513,957,628
2022-10-26,12.9,8,17.8,0,3.2,1.9,38,58.3,1017,1027.3,7.3,12.66,4.9,12.7,628,1253,1513,918
2022-10-27,13.2,8.6,18.9,0,3.9,1.7,49,71.8,1015,1025.3,9.2,14.31,1.4,14.1,918,628,1253,"1,004"
2022-10-28,13.6,8.2,20.6,0,3.4,1.7,41,70.1,1015.5,1025.8,8.3,14.35,1.5,14.2,1004,918,628,878
2022-10-29,14.8,10.2,21.3,0,3.5,1.8,37,65.9,1015.6,1025.9,9.3,14.64,1.1,15.1,878,1004,918,905
2022-10-30,14.9,10.4,21.3,0,2.9,1.9,39,64.5,1014.7,1025,8.9,13.64,1.1,15,905,878,1004,965
2022-10-31,14.9,11.2,21.1,0,3.2,2.1,42,69.8,1013.5,1023.7,7.6,13.19,4,14.6,965,905,878,"1,123"
